id,source_id,source_channel,title,url,local_path,tier,platform,collected_at,text,author,author_id,publish_date,likes,collects,comments,shares,keyword,tags,note_type,is_aixue_explicit,is_edu_context,brand_confusion_risk,safety_ethics_flag,topic_tags
xhs-0001,69198bae000000000d0373db,unknown;豆包辅导作业,小孩：咱们非亲非故 为何如此😭,https://www.xiaohongshu.com/explore/69198bae000000000d0373db,,search,xiaohongshu,2026-03-10T18:50:00+08:00,小孩：咱们非亲非故 为何如此😭,娱乐小皮卡,64dee6680000000001006137,2025-11-17,21184,1848,203,4074,unknown;豆包辅导作业,,video,N,Y,N,N,
xhs-0002,6863b8fa0000000022031a43,unknown;豆包爱学 错题本,学习就是查缺补漏，不断进步的过程！,https://www.xiaohongshu.com/explore/6863b8fa0000000022031a43,,search,xiaohongshu,2026-03-10T18:50:00+08:00,学习就是查缺补漏，不断进步的过程！,张文晖满分数学,63f2e310000000000f012b10,2025-07-02,9445,16937,88,5746,unknown;豆包爱学 错题本,,video,Y,Y,N,N,cuoti
xhs-0003,67d4568500000000070347ce,豆包爱学 口语,这可能是目前最高效的口语练习方法 免费！！！,https://www.xiaohongshu.com/explore/67d4568500000000070347ce,,search,xiaohongshu,2026-03-10T18:50:00+08:00,这可能是目前最高效的口语练习方法 免费！！！,韭菜炒鸡蛋（一年水硕ing）🥚,63d7dd86000000002702a2e3,2025-12-05,8566,9538,167,866,豆包爱学 口语,,normal,Y,Y,N,N,oral
xhs-0004,68b2a234000000001d0294f6,豆包爱学 口语;unknown,再次给大家演示豆包雅思口语对练｜part3,https://www.xiaohongshu.com/explore/68b2a234000000001d0294f6,,search,xiaohongshu,2026-03-10T18:50:00+08:00,再次给大家演示豆包雅思口语对练｜part3,前雅思社畜,644b910900000000140124df,2025-09-01,7646,7164,35,1290,豆包爱学 口语;unknown,,video,Y,Y,N,N,oral
xhs-0005,684bd388000000002001e810,豆包爱学(最多点赞);豆包爱学(最多评论),晚上这样学，竟然狂提分！同桌被我彻底惊艳了,https://www.xiaohongshu.com/explore/684bd388000000002001e810,,search,xiaohongshu,2026-03-10T18:50:00+08:00,晚上这样学，竟然狂提分！同桌被我彻底惊艳了,万能学姐,5a9a302211be1034967300e0,2025-06-13,6052,1882,75,141,豆包爱学(最多点赞);豆包爱学(最多评论),,video,Y,Y,N,N,
xhs-0006,67b994d9000000000603ebd8,unknown,备课人泪目😭这些AI工具救大命了❗,https://www.xiaohongshu.com/explore/67b994d9000000000603ebd8,,search,xiaohongshu,2026-03-10T18:50:00+08:00,备课人泪目😭这些AI工具救大命了❗,小诗老师呀,59f457cae8ac2b56baa72720,2025-04-01,5683,5902,20,383,unknown,,normal,N,Y,N,N,
xhs-0007,679092b6000000002900e917,豆包爱学 口语;unknown,如何用豆包免费练口语｜,https://www.xiaohongshu.com/explore/679092b6000000002900e917,,search,xiaohongshu,2026-03-10T18:50:00+08:00,如何用豆包免费练口语｜,Susie酥酥在教书,642aeb610000000011023ef1,2025-01-22,5469,5577,114,1702,豆包爱学 口语;unknown,,video,Y,Y,N,N,oral
xhs-0008,690b11360000000004004811,豆包 AI 老师;豆包老师,我是如何一小时备完一周课的（豆包赋能版）,https://www.xiaohongshu.com/explore/690b11360000000004004811,,search,xiaohongshu,2026-03-10T18:50:00+08:00,我是如何一小时备完一周课的（豆包赋能版）,成成老师,663afd270000000007005371,2025-11-06,5303,6446,47,707,豆包 AI 老师;豆包老师,,normal,N,N,Y,N,
xhs-0009,672f5dae0000000019018caf,unknown;豆包辅导作业,试过了‼️用AI单词听写‼️真的不费妈不花💰,https://www.xiaohongshu.com/explore/672f5dae0000000019018caf,,search,xiaohongshu,2026-03-10T18:50:00+08:00,试过了‼️用AI单词听写‼️真的不费妈不花💰,Evan妈咪会AI,657c07f9000000002003109d,2024-11-10,5120,7292,296,4283,unknown;豆包辅导作业,,video,N,Y,N,N,parent
xhs-0010,67a60dfd0000000018005647,豆包爱学 口语,🔥口语逆袭｜用 AI神器偷偷练成英语大佬！,https://www.xiaohongshu.com/explore/67a60dfd0000000018005647,,search,xiaohongshu,2026-03-10T18:50:00+08:00,🔥口语逆袭｜用 AI神器偷偷练成英语大佬！,Vivian学英语,5bdbb5e46b58b74d995de247,2025-04-10,4760,6175,92,915,豆包爱学 口语,,normal,Y,Y,N,N,oral
xhs-0011,698872ee000000000a03ceb1,豆包老师,让豆包编舞！,https://www.xiaohongshu.com/explore/698872ee000000000a03ceb1,,search,xiaohongshu,2026-03-10T18:50:00+08:00,让豆包编舞！,GGua瓜瓜,683c1785000000001d00979a,02-08,4293,477,981,2770,豆包老师,,video,N,N,Y,N,
xhs-0012,699012fd000000001a01fbc5,豆包 AI 老师;unknown,豆包专家模式来了,https://www.xiaohongshu.com/explore/699012fd000000001a01fbc5,,search,xiaohongshu,2026-03-10T18:50:00+08:00,豆包专家模式来了,豆包,65a0db6c0000000022002aa0,02-24,2975,1085,238,645,豆包 AI 老师;unknown,,video,N,N,Y,N,
xhs-0013,66932b540000000025005e54,unknown;豆包爱学App,Siri接入豆包Ai大模型！让你的Siri不再智障,https://www.xiaohongshu.com/explore/66932b540000000025005e54,,search,xiaohongshu,2026-03-10T18:50:00+08:00,Siri接入豆包Ai大模型！让你的Siri不再智障,小核数码,634ac5ff000000001802d7a0,2024-07-14,2811,2666,149,404,unknown;豆包爱学App,,video,Y,N,N,N,accuracy
xhs-0014,686e87450000000010013388,豆包爱学 口语;unknown,用豆包练了一个月口语，聊聊感受,https://www.xiaohongshu.com/explore/686e87450000000010013388,,search,xiaohongshu,2026-03-10T18:50:00+08:00,用豆包练了一个月口语，聊聊感受,老J长期主义,669768e40000000003030d9a,2025-07-20,2392,2301,99,141,豆包爱学 口语;unknown,,normal,Y,Y,N,N,oral
xhs-0015,6942a515000000001e035ed5,unknown;豆包辅导作业,拯救老母亲‼️辅导作业神级AI指令大全‼️,https://www.xiaohongshu.com/explore/6942a515000000001e035ed5,,search,xiaohongshu,2026-03-10T18:50:00+08:00,拯救老母亲‼️辅导作业神级AI指令大全‼️,Evan妈咪会AI,657c07f9000000002003109d,2025-12-19,2229,4251,51,1597,unknown;豆包辅导作业,,video,N,Y,N,N,parent;homework
xhs-0016,69168b610000000004011826,豆包 AI 老师,让AI帮我写代码，俄罗斯方块、数独直接能玩,https://www.xiaohongshu.com/explore/69168b610000000004011826,,search,xiaohongshu,2026-03-10T18:50:00+08:00,让AI帮我写代码，俄罗斯方块、数独直接能玩,来杯凉白开,64f82add0000000006030f1a,2025-11-14,2130,22,17,7,豆包 AI 老师,,normal,N,N,N,N,
xhs-0017,679dd3e000000000180040e2,豆包爱学 拍照答疑;unknown,一分钟设置“豆包”快捷指令，人人都会,https://www.xiaohongshu.com/explore/679dd3e000000000180040e2,,search,xiaohongshu,2026-03-10T18:50:00+08:00,一分钟设置“豆包”快捷指令，人人都会,弥足奇兵,5c60bb9d000000001803c056,2025-02-01,1976,1297,96,445,豆包爱学 拍照答疑;unknown,,normal,Y,Y,N,N,
xhs-0018,68074eca000000001d009c56,unknown,一图看懂：五大AI产品的区别♥,https://www.xiaohongshu.com/explore/68074eca000000001d009c56,,search,xiaohongshu,2026-03-10T18:50:00+08:00,一图看懂：五大AI产品的区别♥,江畔丁,5bdc204d73d5f80001db7359,2025-04-22,1966,1723,71,221,unknown,,normal,N,N,N,N,compare
xhs-0019,698c14dd000000001a01f280,豆包爱学 口语;unknown,豆包学英语，无敌(附指令),https://www.xiaohongshu.com/explore/698c14dd000000001a01f280,,search,xiaohongshu,2026-03-10T18:50:00+08:00,豆包学英语，无敌(附指令),心理泉视角,5b61d37040ecc400016049b4,02-11,1870,3388,27,581,豆包爱学 口语;unknown,,normal,Y,Y,N,N,
xhs-0020,692ff98d000000001d03c739,unknown;豆包辅导作业,豆包陪学指令,https://www.xiaohongshu.com/explore/692ff98d000000001d03c739,,search,xiaohongshu,2026-03-10T18:50:00+08:00,豆包陪学指令,落月东流,61d04517000000001000af5e,2025-12-03,1421,1927,14,268,unknown;豆包辅导作业,,normal,N,Y,Y,N,
xhs-0021,67ad5efc000000002803e3d8,豆包爱学 拍照答疑;unknown,豆包ios升级啦！截屏拍照答疑新体验✨,https://www.xiaohongshu.com/explore/67ad5efc000000002803e3d8,,search,xiaohongshu,2026-03-10T18:50:00+08:00,豆包ios升级啦！截屏拍照答疑新体验✨,豆包,65a0db6c0000000022002aa0,2025-02-13,1405,735,49,55,豆包爱学 拍照答疑;unknown,,video,Y,Y,N,N,photo
xhs-0022,6698680b00000000250164c9,豆包爱学 口语;unknown,字节大模型练雅思口语,https://www.xiaohongshu.com/explore/6698680b00000000250164c9,,search,xiaohongshu,2026-03-10T18:50:00+08:00,字节大模型练雅思口语,zengzh688,5f3bf4c3000000000100aa1d,2024-07-18,1118,929,38,179,豆包爱学 口语;unknown,,normal,Y,Y,N,N,oral
xhs-0023,677e3337000000001703830f,unknown,谁懂啊!我被这豆包提问高效模板狠狠拿捏,https://www.xiaohongshu.com/explore/677e3337000000001703830f,,search,xiaohongshu,2026-03-10T18:50:00+08:00,谁懂啊!我被这豆包提问高效模板狠狠拿捏,陈泽文-把事想清楚,676c0baf000000001801c936,2025-01-10,1102,932,1,97,unknown,,normal,N,N,Y,N,
xhs-0024,684d848d0000000021002309,豆包爱学(最多点赞);豆包爱学(最多评论),辅导作业的神🔥豆包爱学13种隐藏功能大全,https://www.xiaohongshu.com/explore/684d848d0000000021002309,,search,xiaohongshu,2026-03-10T18:50:00+08:00,辅导作业的神🔥豆包爱学13种隐藏功能大全,月酱快乐育儿,5a5565c511be1063b2a7b574,2025-06-15,1089,1400,46,342,豆包爱学(最多点赞);豆包爱学(最多评论),,video,Y,Y,N,N,parent;homework
xhs-0025,683eef570000000021004a0d,unknown,划重点！智能体【固定回答】设置指南！！,https://www.xiaohongshu.com/explore/683eef570000000021004a0d,,search,xiaohongshu,2026-03-10T18:50:00+08:00,划重点！智能体【固定回答】设置指南！！,水蜜桃老师,5784516f6a6a694a3d268435,2025-06-03,1010,1265,75,241,unknown,,normal,N,N,N,N,
xhs-0026,67d2bea2000000001c0056d9,unknown,消除信息差，我不允许你的课堂学生还没用AI,https://www.xiaohongshu.com/explore/67d2bea2000000001c0056d9,,search,xiaohongshu,2026-03-10T18:50:00+08:00,消除信息差，我不允许你的课堂学生还没用AI,Kinslayer,6501b1f700000000120069aa,2025-03-13,901,1319,65,160,unknown,,normal,N,N,N,N,
xhs-0027,697c8f53000000002200b3e3,豆包辅导作业,当我让豆包给我盯着这小孩写作业...,https://www.xiaohongshu.com/explore/697c8f53000000002200b3e3,,search,xiaohongshu,2026-03-10T18:50:00+08:00,当我让豆包给我盯着这小孩写作业...,肖月儿,5eb228af0000000001002423,01-30,868,122,25,61,豆包辅导作业,,video,N,Y,Y,N,homework
xhs-0028,69524fcc000000002102b02c,unknown;豆包老师,豆老师真的很好用哇！,https://www.xiaohongshu.com/explore/69524fcc000000002102b02c,,search,xiaohongshu,2026-03-10T18:50:00+08:00,豆老师真的很好用哇！,泡芙de日记,61f7f371000000001000bc01,01-02,598,431,35,6,unknown;豆包老师,,video,N,N,N,N,
xhs-0029,692467c9000000001e0159b7,豆包 AI 老师,保姆级教程！ADHD的AI生活助理训练指南,https://www.xiaohongshu.com/explore/692467c9000000001e0159b7,,search,xiaohongshu,2026-03-10T18:50:00+08:00,保姆级教程！ADHD的AI生活助理训练指南,玩AI的阿麦,656ae8b1000000001c01b385,2025-11-24,591,125,12,16,豆包 AI 老师,,normal,N,N,N,N,
xhs-0030,68fa5ccc000000000700cb7a,unknown,发了一个错题归纳的整理方法，也被喷？,https://www.xiaohongshu.com/explore/68fa5ccc000000000700cb7a,,search,xiaohongshu,2026-03-10T18:50:00+08:00,发了一个错题归纳的整理方法，也被喷？,🍀,5b20b3404eacab31e2acd609,2025-12-11,565,756,116,98,unknown,,normal,N,Y,N,N,cuoti
xhs-0031,693ffa6d000000001f00b898,unknown;豆包爱学 错题本,错题整理神器测评,https://www.xiaohongshu.com/explore/693ffa6d000000001f00b898,,search,xiaohongshu,2026-03-10T18:50:00+08:00,错题整理神器测评,馒头妈咪育儿宝,5d0ee4b1000000001000b756,2025-12-15,541,830,16,209,unknown;豆包爱学 错题本,,video,Y,Y,N,N,cuoti
xhs-0032,68e3c18000000000040105d3,豆包爱学 口语;unknown,“练口语”我们想给你一个坚持下去的理由！,https://www.xiaohongshu.com/explore/68e3c18000000000040105d3,,search,xiaohongshu,2026-03-10T18:50:00+08:00,“练口语”我们想给你一个坚持下去的理由！,非正式英语,682ecae7000000000e01cd63,2025-10-06,482,303,222,38,豆包爱学 口语;unknown,,normal,Y,Y,N,N,oral
xhs-0033,670a3124000000001600ef11,豆包爱学App,产品拆解 | 豆包App（2/100）,https://www.xiaohongshu.com/explore/670a3124000000001600ef11,,search,xiaohongshu,2026-03-10T18:50:00+08:00,产品拆解 | 豆包App（2/100）,丘丘,5d3287a0000000001101f0c2,2024-10-12,460,373,17,127,豆包爱学App,,normal,Y,N,N,N,
xhs-0034,6809e1fc000000001c037535,豆包 AI 老师;unknown,会用新版豆包的老师有多强？,https://www.xiaohongshu.com/explore/6809e1fc000000001c037535,,search,xiaohongshu,2026-03-10T18:50:00+08:00,会用新版豆包的老师有多强？,ipanda,608cd0e1000000000101d2e6,2025-04-24,440,561,10,76,豆包 AI 老师;unknown,,normal,N,N,Y,N,
xhs-0035,690413050000000007009b1b,unknown;豆包老师,老天奶！豆包简直就是我的私人心理医生！,https://www.xiaohongshu.com/explore/690413050000000007009b1b,,search,xiaohongshu,2026-03-10T18:50:00+08:00,老天奶！豆包简直就是我的私人心理医生！,小羊老师Yang,6617c41e0000000003033c9c,2025-11-02,436,268,18,68,unknown;豆包老师,,normal,N,N,Y,N,
xhs-0036,6973a04f000000001a027c07,豆包爱学(最多点赞);豆包爱学(最多评论),今日份好学哥哥上线,https://www.xiaohongshu.com/explore/6973a04f000000001a027c07,,search,xiaohongshu,2026-03-10T18:50:00+08:00,今日份好学哥哥上线,喵喵,65348368000000000d006ba2,01-24,410,241,11,25,豆包爱学(最多点赞);豆包爱学(最多评论),,video,Y,N,N,N,
xhs-0037,68b082b8000000001d01bf3a,豆包爱学 口语;豆包 AI 老师;unknown,零成本，豆包练英语口语教程,https://www.xiaohongshu.com/explore/68b082b8000000001d01bf3a,,search,xiaohongshu,2026-03-10T18:50:00+08:00,零成本，豆包练英语口语教程,Mico,656c43fc000000001c01a0d9,2025-08-29,399,371,7,216,豆包爱学 口语;豆包 AI 老师;unknown,,normal,Y,Y,N,N,oral
xhs-0038,6858c1c600000000100114fe,unknown;豆包辅导作业,AI偷懒法！ 辅导作业再也不废妈,https://www.xiaohongshu.com/explore/6858c1c600000000100114fe,,search,xiaohongshu,2026-03-10T18:50:00+08:00,AI偷懒法！ 辅导作业再也不废妈,包爸聊育儿,54b92e612e1d933b032ebf8d,2025-06-23,374,431,8,398,unknown;豆包辅导作业,,video,N,Y,N,N,parent;homework
xhs-0039,6845a5fa000000002001d75e,unknown;豆包爱学 错题本,DeepStudent开源错题分析软件,https://www.xiaohongshu.com/explore/6845a5fa000000002001d75e,,search,xiaohongshu,2026-03-10T18:50:00+08:00,DeepStudent开源错题分析软件,DeepStudent,648898bb0000000012037f8f,2025-06-17,367,523,62,100,unknown;豆包爱学 错题本,,normal,Y,Y,N,N,cuoti
xhs-0040,678f9d28000000002902d438,unknown;豆包爱学App,🔥豆包断层领先，文小言逐渐掉队,https://www.xiaohongshu.com/explore/678f9d28000000002902d438,,search,xiaohongshu,2026-03-10T18:50:00+08:00,🔥豆包断层领先，文小言逐渐掉队,码字的姚芊数,5cd6ee09000000001100b4bf,2025-01-21,364,206,187,105,unknown;豆包爱学App,,normal,Y,N,N,N,
xhs-0041,69a2c000000000000e00ef69,豆包爱学(最多点赞);豆包爱学(最多评论);豆包爱学(最新),用AI预习，轻松学好数学,https://www.xiaohongshu.com/explore/69a2c000000000000e00ef69,,search,xiaohongshu,2026-03-10T18:50:00+08:00,用AI预习，轻松学好数学,喜欢编程的杨同学,56d290df84edcd782a3c8748,02-28,354,630,10,266,豆包爱学(最多点赞);豆包爱学(最多评论);豆包爱学(最新),,video,Y,Y,N,N,
xhs-0042,6964bab1000000000d008595,unknown;豆包老师,🌟太厉害啦，就算舌头打结它也不会迷糊哟,https://www.xiaohongshu.com/explore/6964bab1000000000d008595,,search,xiaohongshu,2026-03-10T18:50:00+08:00,🌟太厉害啦，就算舌头打结它也不会迷糊哟,卯兔兔,54f2aa7b4fac630b220edc26,01-21,350,238,1,2,unknown;豆包老师,,video,N,N,N,N,
xhs-0043,69afa0c3000000001600be79,豆包爱学(最多点赞);豆包爱学;unknown;豆包爱学 家长;豆包爱学(最新);豆包爱学 错题本,春晚都在用的 AI，居然治好了错题焦虑❗️,https://www.xiaohongshu.com/explore/69afa0c3000000001600be79,,search,xiaohongshu,2026-03-10T18:50:00+08:00,春晚都在用的 AI，居然治好了错题焦虑❗️,傲娇的小废柴,596613726a6a691381deb386,5小时前,310,231,0,1,豆包爱学(最多点赞);豆包爱学;unknown;豆包爱学 家长;豆包爱学(最新);豆包爱学 错题本,,video,Y,Y,N,N,cuoti
xhs-0044,661a2dcd000000001b00fe35,豆包 AI 老师,软件分享来了,https://www.xiaohongshu.com/explore/661a2dcd000000001b00fe35,,search,xiaohongshu,2026-03-10T18:50:00+08:00,软件分享来了,大生,5b04a0c811be1019e925996b,2024-04-13,295,48,47,41,豆包 AI 老师,,normal,N,N,N,N,
xhs-0045,66dcea69000000000c01b556,豆包 AI 老师;unknown,豆包风很大——设定专属于自己的AI智能体,https://www.xiaohongshu.com/explore/66dcea69000000000c01b556,,search,xiaohongshu,2026-03-10T18:50:00+08:00,豆包风很大——设定专属于自己的AI智能体,懒妈爱买书,5be29e0e87877a0001d824d2,2024-09-08,277,240,35,80,豆包 AI 老师;unknown,,normal,N,N,Y,N,
xhs-0046,67c7d5f4000000000b017681,豆包爱学;unknown,我女儿好像发现了豆包的新玩法😀,https://www.xiaohongshu.com/explore/67c7d5f4000000000b017681,,search,xiaohongshu,2026-03-10T18:50:00+08:00,我女儿好像发现了豆包的新玩法😀,沙琪妈,65d44f3900000000050322f1,2025-03-12,264,48,6,8,豆包爱学;unknown,,normal,Y,N,N,N,
xhs-0047,69a129620000000022031ac8,豆包老师,在机场偶遇我研究生小导了！,https://www.xiaohongshu.com/explore/69a129620000000022031ac8,,search,xiaohongshu,2026-03-10T18:50:00+08:00,在机场偶遇我研究生小导了！,小yi007,5e3d4b7b0000000001009e2c,02-27,262,7,6,46,豆包老师,,video,N,N,N,N,
xhs-0048,692fedf9000000001e028a67,豆包爱学 避雷;豆包爱学;unknown,哪个AI正确率高呢,https://www.xiaohongshu.com/explore/692fedf9000000001e028a67,,detail,xiaohongshu,2026-03-10T18:50:00+08:00,"哪个AI正确率高呢 | 用哪个AI正确率高
豆包，deepseek，元宝还是什么AI
我最常用豆包，但是有时是真不靠谱啊 | [TOP_COMMENTS] 这里面聪明的是deepseek但ds也不是很聪明前面还有gemini chatgpt grok(149赞)|别豆包(58赞)|你骂它两句它会改答案的(68赞)|考试用豆包结果43分(45赞)|豆包搜题100分得了50分又要补考(34赞)|被豆包坑过(15赞)|deepseek考心理结果67(14赞)|推荐豆包还是deepseek(13赞)|一会儿答案a一会儿答案b(6赞)",🍇可尔必思,678fa775000000000a03cd39,2025-12-03,227,66,111,26,豆包爱学 避雷;豆包爱学;unknown,考试周|我爱学习|豆包|人工智障与人工智能,normal,Y,Y,N,N,accuracy;photo;compare
xhs-0049,68a5c498000000001c034e65,unknown,如何用豆包练PET口语,https://www.xiaohongshu.com/explore/68a5c498000000001c034e65,,search,xiaohongshu,2026-03-10T18:50:00+08:00,如何用豆包练PET口语,和暖宝共成长,5e92dfad00000000010001c1,2025-08-20,219,453,2,101,unknown,,normal,N,Y,Y,N,oral
xhs-0050,682da3c900000000230138f4,豆包爱学(最多点赞);豆包爱学 拍照答疑;unknown;豆包爱学(最多评论),官宣｜豆包爱学正式入驻小红书啦🎉,https://www.xiaohongshu.com/explore/682da3c900000000230138f4,,detail,xiaohongshu,2026-03-10T18:50:00+08:00,"官宣｜豆包爱学正式入驻小红书啦🎉 | 豆包爱学正式入驻小红书啦🥳
豆包爱学是豆包旗下的教育产品，提供拍照答疑、作业批改、知识问答等功能。让学习更高效，让家长更省心！
在这里，我们将持续分享：学习方法&提分技巧💯 豆包爱学的功能介绍&实用技巧✨ 新鲜资讯&热门活动🎉 | [TOP_COMMENTS] 错题本里能自动生成举一反三的题目吗？(3赞)|登录不上一直提示服务器报错(0赞)|有入驻科大讯飞AI学习机吗(2赞)|一对一讲题功能时有时无(2赞)|没有键盘输入图书馆用不了(1赞)|iOS端有吗(0赞)|语文修改病句能批改吗(0赞)|视频讲解怎么没有了(2赞)",豆包爱学App,669dbdf40000000024021ef2,2025-05-22,215,83,215,61,豆包爱学(最多点赞);豆包爱学 拍照答疑;unknown;豆包爱学(最多评论),豆包|豆包爱学|入驻小红书|AI|小红书入驻|豆包ai|豆包大模型|人工智能,normal,Y,Y,N,N,parent;cuoti;photo;homework
xhs-0051,67bf12670000000009016168,豆包爱学 家长,当我用豆包爱学辅导三年级作文我的植物朋友,https://www.xiaohongshu.com/explore/67bf12670000000009016168,,search,xiaohongshu,2026-03-10T18:50:00+08:00,当我用豆包爱学辅导三年级作文我的植物朋友,大鱼饼,5cd85fbb00000000160398ba,2025-02-27,212,182,40,36,豆包爱学 家长,,normal,Y,Y,N,N,
xhs-0052,5e6e05090000000001000c50,豆包老师,#不用烤箱#浓情蜜意的北海道生巧，自己做！,https://www.xiaohongshu.com/explore/5e6e05090000000001000c50,,search,xiaohongshu,2026-03-10T18:50:00+08:00,#不用烤箱#浓情蜜意的北海道生巧，自己做！,豆包老师,53363e84b4c4d67494fe2b4b,2020-03-15,198,209,12,20,豆包老师,,normal,N,N,Y,N,
xhs-0053,67c9b2600000000006029b69,unknown,全球AI应用月活排行,https://www.xiaohongshu.com/explore/67c9b2600000000006029b69,,search,xiaohongshu,2026-03-10T18:50:00+08:00,全球AI应用月活排行,数据世界,5e141a8a0000000001005a5c,2025-03-07,193,135,11,37,unknown,,normal,N,N,N,N,
xhs-0054,6996ca83000000001a021997,豆包老师,豆包老师也太可恶了😡,https://www.xiaohongshu.com/explore/6996ca83000000001a021997,,search,xiaohongshu,2026-03-10T18:50:00+08:00,豆包老师也太可恶了😡,岚梦 💫（皖泺の小肉松）,6884f054000000001d0145ce,02-19,191,171,3,3,豆包老师,,video,N,N,Y,N,
xhs-0055,69ac3dc40000000015038183,豆包爱学(最多点赞);unknown;豆包爱学(最多评论);豆包爱学(最新);豆包爱学 错题本,有了这个错题本，妈妈再也不用吼我了！,https://www.xiaohongshu.com/explore/69ac3dc40000000015038183,,search,xiaohongshu,2026-03-10T18:50:00+08:00,有了这个错题本，妈妈再也不用吼我了！,齐齐小朋友的成长记录,54f56256d39ea2724e3123d3,2天前,188,155,22,16,豆包爱学(最多点赞);unknown;豆包爱学(最多评论);豆包爱学(最新);豆包爱学 错题本,,video,Y,Y,N,N,parent;cuoti
xhs-0056,6723454d000000001a01df6b,豆包爱学 口语,测评向｜用Ai练习口语！学习变得简单有趣啦～,https://www.xiaohongshu.com/explore/6723454d000000001a01df6b,,search,xiaohongshu,2026-03-10T18:50:00+08:00,测评向｜用Ai练习口语！学习变得简单有趣啦～,鲤锦的记录✨,5a5e18dee8ac2b398a049f67,2024-11-03,173,157,36,28,豆包爱学 口语,,normal,Y,Y,N,N,oral
xhs-0057,6965203d000000002203af09,unknown;豆包爱学 错题本,用平板整理错题太方便啦,https://www.xiaohongshu.com/explore/6965203d000000002203af09,,search,xiaohongshu,2026-03-10T18:50:00+08:00,用平板整理错题太方便啦,无情学习机,630c8a57000000001501e14c,01-13,157,73,12,6,unknown;豆包爱学 错题本,,normal,Y,Y,N,N,cuoti
xhs-0058,694b7162000000001d03c75f,unknown;豆包爱学 错题本,教大家如何利用豆包来打印错题,https://www.xiaohongshu.com/explore/694b7162000000001d03c75f,,search,xiaohongshu,2026-03-10T18:50:00+08:00,教大家如何利用豆包来打印错题,明哲老师001,655e16b1000000000403ac6c,2025-12-24,147,196,5,41,unknown;豆包爱学 错题本,,video,Y,Y,N,N,cuoti
xhs-0059,67bf219b000000002901a2b9,unknown;豆包辅导作业,感谢AI让我彻底躺平！娃的学习全搞定,https://www.xiaohongshu.com/explore/67bf219b000000002901a2b9,,search,xiaohongshu,2026-03-10T18:50:00+08:00,感谢AI让我彻底躺平！娃的学习全搞定,小奕爸爸,6216e831000000001000492e,2025-02-27,146,277,9,69,unknown;豆包辅导作业,,normal,N,Y,N,N,
xhs-0060,69357b03000000001e02df60,unknown;豆包老师,我的天感觉我有点要爱上豆包了…,https://www.xiaohongshu.com/explore/69357b03000000001e02df60,,search,xiaohongshu,2026-03-10T18:50:00+08:00,我的天感觉我有点要爱上豆包了…,何处寻,666955ed0000000003032639,2025-12-07,133,15,112,3,unknown;豆包老师,,normal,N,N,Y,N,
xhs-0061,67bfb6a1000000000603e961,豆包爱学(最多点赞);豆包 AI 老师;unknown;豆包爱学(最多评论),豆包爱学,https://www.xiaohongshu.com/explore/67bfb6a1000000000603e961,,search,xiaohongshu,2026-03-10T18:50:00+08:00,豆包爱学,小高高,6034bf680000000001003e66,2025-02-27,132,45,17,13,豆包爱学(最多点赞);豆包 AI 老师;unknown;豆包爱学(最多评论),,normal,Y,N,N,N,
xhs-0062,698f3709000000001a0231f3,豆包爱学(最多评论),双板转单板｜先哭后帅，主打一个逆风翻盘,https://www.xiaohongshu.com/explore/698f3709000000001a0231f3,,search,xiaohongshu,2026-03-10T18:50:00+08:00,双板转单板｜先哭后帅，主打一个逆风翻盘,恩泽哥哥和贝拉妹妹,623043d4000000001000f448,02-14,126,81,29,2,豆包爱学(最多评论),,video,Y,N,N,N,
xhs-0063,6944ba8700000000190251f1,豆包 AI 老师,豆包Seed1.8实测！手搓了个「AI阅卷」神器,https://www.xiaohongshu.com/explore/6944ba8700000000190251f1,,search,xiaohongshu,2026-03-10T18:50:00+08:00,豆包Seed1.8实测！手搓了个「AI阅卷」神器,AI 博士嗨嗨,57a0a5b8bd0da57a786d1176,2025-12-20,122,165,40,49,豆包 AI 老师,,normal,N,N,Y,N,
xhs-0064,674926cc0000000007039d9d,豆包爱学(最多点赞),豆包爱学，合理实用学习辅助软件,https://www.xiaohongshu.com/explore/674926cc0000000007039d9d,,search,xiaohongshu,2026-03-10T18:50:00+08:00,豆包爱学，合理实用学习辅助软件,爱学习西贝,5d8010a000000000010069b6,2024-11-29,118,121,4,39,豆包爱学(最多点赞),,video,Y,Y,N,N,
xhs-0065,673f0634000000000703a04d,unknown;豆包爱学;豆包爱学App,【速览】字节跳动关于AI领域布局,https://www.xiaohongshu.com/explore/673f0634000000000703a04d,,search,xiaohongshu,2026-03-10T18:50:00+08:00,【速览】字节跳动关于AI领域布局,大厂冲浪boy,64e43b350000000001013010,2024-11-21,110,112,0,21,unknown;豆包爱学;豆包爱学App,,normal,Y,N,N,N,
xhs-0066,68c3ef00000000001c03fc70,unknown;豆包爱学;豆包爱学App;豆包爱学 家长,急捞‼️豆包爱学团队招人啦🌟,https://www.xiaohongshu.com/explore/68c3ef00000000001c03fc70,,search,xiaohongshu,2026-03-10T18:50:00+08:00,急捞‼️豆包爱学团队招人啦🌟,豆包爱学App,669dbdf40000000024021ef2,2025-09-14,104,98,8,70,unknown;豆包爱学;豆包爱学App;豆包爱学 家长,,normal,Y,N,N,N,
xhs-0067,5e9083600000000001008e2d,豆包老师,不用烤箱💖手残党也会做的奥利奥芝士慕斯,https://www.xiaohongshu.com/explore/5e9083600000000001008e2d,,search,xiaohongshu,2026-03-10T18:50:00+08:00,不用烤箱💖手残党也会做的奥利奥芝士慕斯,豆包老师,53363e84b4c4d67494fe2b4b,2020-04-10,101,96,4,22,豆包老师,,normal,N,N,Y,N,
xhs-0068,6972fa99000000000b00b220,豆包爱学 家长,家有7岁“小问号”是什么体验？,https://www.xiaohongshu.com/explore/6972fa99000000000b00b220,,search,xiaohongshu,2026-03-10T18:50:00+08:00,家有7岁“小问号”是什么体验？,在西湖骑马的香菇,64d073b9000000000e026dfe,01-23,99,26,7,0,豆包爱学 家长,,video,Y,N,N,N,
xhs-0069,69788a4c000000000a02ef1c,unknown,如何用豆包辅导功课（一）,https://www.xiaohongshu.com/explore/69788a4c000000000a02ef1c,,search,xiaohongshu,2026-03-10T18:50:00+08:00,如何用豆包辅导功课（一）,中英同传丁老师,5fdc98460000000001009aca,01-29,97,116,3,22,unknown,,normal,N,Y,Y,N,
xhs-0070,69382681000000001e02014b,豆包爱学 避雷;unknown,反正最让我失望的AI就是豆包,https://www.xiaohongshu.com/explore/69382681000000001e02014b,,detail,xiaohongshu,2026-03-10T18:50:00+08:00,反正最让我失望的AI就是豆包 | 因为豆包她天天跟我犟嘴气得我脑瓜子疼😓只要她的回答我一不满意她就楚楚可怜道歉，虽然道歉了还是烦，加上讨厌这种语气，跟她聊天只要一骂她就大破防。让她造句后不想造了她还硬给造。还没deepseek好用 | [TOP_COMMENTS] 是豆包他让我脱光衣服还说要死掉还说朝我脸上喷屎(38赞)|连烦心事吐槽都不会顺着除了反驳批评(27赞)|我要被气死了(22赞)|豆包生成图片怎么说都说不明白被气哭(29赞)|宣传暴力内容还往自己脸上贴金(19赞)|要不去投诉吧(8赞)|豆包有一回还偷窥我隐私(9赞),^布偶^,60dc0255000000000101fda9,2025-12-09,95,24,116,3,豆包爱学 避雷;unknown,豆包ai|DeepSeek|避雷豆包ai,normal,Y,N,N,Y,compare
xhs-0071,585fce5dd5945f41f9e9aabb,豆包老师,成都酒店推荐-,https://www.xiaohongshu.com/explore/585fce5dd5945f41f9e9aabb,,search,xiaohongshu,2026-03-10T18:50:00+08:00,成都酒店推荐-,豆包老师,53363e84b4c4d67494fe2b4b,2017-06-09,95,349,11,15,豆包老师,,normal,N,N,Y,N,compare
xhs-0072,67d92ece000000001c0047fb,豆包爱学 口语,我也有量身定制的豆包口语陪练了,https://www.xiaohongshu.com/explore/67d92ece000000001c0047fb,,search,xiaohongshu,2026-03-10T18:50:00+08:00,我也有量身定制的豆包口语陪练了,lolila,5e565ec400000000010005bd,2025-03-18,94,80,6,15,豆包爱学 口语,,normal,Y,Y,N,N,oral
xhs-0073,692e773b000000001b02656f,unknown;豆包辅导作业,果然AI用得好，家教不用找😂懒妈教程来啦～,https://www.xiaohongshu.com/explore/692e773b000000001b02656f,,search,xiaohongshu,2026-03-10T18:50:00+08:00,果然AI用得好，家教不用找😂懒妈教程来啦～,是小明妈妈呀的店,60542e770000000001003b42,2025-12-02,88,116,7,167,unknown;豆包辅导作业,,video,N,Y,N,N,parent
xhs-0074,689722fe0000000003027fa4,豆包爱学 口语;unknown,才知道豆包可以免费练口语 ！,https://www.xiaohongshu.com/explore/689722fe0000000003027fa4,,search,xiaohongshu,2026-03-10T18:50:00+08:00,才知道豆包可以免费练口语 ！,六加一,5fd35a74000000000101d44d,2025-08-09,86,44,3,15,豆包爱学 口语;unknown,,video,Y,Y,N,N,oral
xhs-0075,694fe43e0000000022023f81,豆包爱学(最多点赞);unknown;豆包爱学App;豆包爱学(最多评论);豆包爱学 错题本,免费错题整理功能🥹,https://www.xiaohongshu.com/explore/694fe43e0000000022023f81,,search,xiaohongshu,2026-03-10T18:50:00+08:00,免费错题整理功能🥹,momo,63dbbb960000000026007834,2025-12-27,82,53,7,23,豆包爱学(最多点赞);unknown;豆包爱学App;豆包爱学(最多评论);豆包爱学 错题本,,normal,Y,Y,N,N,cuoti
xhs-0076,692eed44000000001b023ffd,unknown;豆包辅导作业,豆包很哇塞，陪娃写作业再也不用烦！,https://www.xiaohongshu.com/explore/692eed44000000001b023ffd,,search,xiaohongshu,2026-03-10T18:50:00+08:00,豆包很哇塞，陪娃写作业再也不用烦！,福气多多,5bae1e8640485400013a1a25,2025-12-02,76,105,3,77,unknown;豆包辅导作业,,video,N,Y,Y,N,homework
xhs-0077,67c90991000000002602ddd1,豆包爱学(最多点赞);豆包爱学 家长;豆包爱学(最多评论),还有小学生家长不知道豆包爱学app么？,https://www.xiaohongshu.com/explore/67c90991000000002602ddd1,,search,xiaohongshu,2026-03-10T18:50:00+08:00,还有小学生家长不知道豆包爱学app么？,Birta是帕帕,594f81d95e87e72c6ed7af9e,2025-03-06,76,48,12,43,豆包爱学(最多点赞);豆包爱学 家长;豆包爱学(最多评论),,normal,Y,Y,N,N,parent
xhs-0078,692691cf000000001e020312,豆包爱学 口语,姐就这样摆脱哑巴英语🫙豆包学口语教程!！,https://www.xiaohongshu.com/explore/692691cf000000001e020312,,search,xiaohongshu,2026-03-10T18:50:00+08:00,姐就这样摆脱哑巴英语🫙豆包学口语教程!！,高效率的艾米黄,61777b73000000001f036015,2025-11-26,75,54,2,5,豆包爱学 口语,,normal,Y,Y,N,N,oral
xhs-0079,68a6e36f000000001d03b331,豆包爱学 避雷;unknown,擦亮双眼，看看豆包的恶劣品行,https://www.xiaohongshu.com/explore/68a6e36f000000001d03b331,,search,xiaohongshu,2026-03-10T18:50:00+08:00,擦亮双眼，看看豆包的恶劣品行,杀毒,5cfdd705000000001802bfe6,2025-08-21,74,16,21,26,豆包爱学 避雷;unknown,,normal,Y,N,N,N,
xhs-0080,5eb015010000000001003e97,豆包老师,自制减脂神仙饮品｜🔥青汁拿铁咖啡🔥,https://www.xiaohongshu.com/explore/5eb015010000000001003e97,,search,xiaohongshu,2026-03-10T18:50:00+08:00,自制减脂神仙饮品｜🔥青汁拿铁咖啡🔥,豆包老师,53363e84b4c4d67494fe2b4b,2020-05-04,72,46,5,21,豆包老师,,video,N,N,Y,N,
xhs-0081,68f9e3b40000000007017d2d,豆包爱学(最多点赞);unknown;豆包爱学;豆包爱学App;豆包爱学 错题本,一文说清“豆包”和“豆包爱学”的区别,https://www.xiaohongshu.com/explore/68f9e3b40000000007017d2d,,search,xiaohongshu,2026-03-10T18:50:00+08:00,一文说清“豆包”和“豆包爱学”的区别,多多产品铺,643b9edc000000000d01915d,2025-10-25,70,46,6,23,豆包爱学(最多点赞);unknown;豆包爱学;豆包爱学App;豆包爱学 错题本,,normal,Y,Y,N,N,compare
xhs-0082,69ae2ae40000000026030a3f,unknown;豆包老师,只要你会用，豆包帮你上班,https://www.xiaohongshu.com/explore/69ae2ae40000000026030a3f,,search,xiaohongshu,2026-03-10T18:50:00+08:00,只要你会用，豆包帮你上班,伸腿瞪眼丸,5fff887a000000000101e24f,昨天 19:00,69,111,8,13,unknown;豆包老师,,video,N,N,Y,N,
xhs-0083,6845c0ff000000002100a1fe,豆包爱学 避雷;豆包爱学;unknown,豆包靠不住！！！！！！,https://www.xiaohongshu.com/explore/6845c0ff000000002100a1fe,,search,xiaohongshu,2026-03-10T18:50:00+08:00,豆包靠不住！！！！！！,笑喜喜,613d68ae0000000002024670,2025-06-09,67,19,19,22,豆包爱学 避雷;豆包爱学;unknown,,normal,Y,N,N,N,
xhs-0084,69a8e5c7000000001503ae15,豆包老师,如何把豆包训练成备课助手,https://www.xiaohongshu.com/explore/69a8e5c7000000001503ae15,,search,xiaohongshu,2026-03-10T18:50:00+08:00,如何把豆包训练成备课助手,文静教书匠,68ff71af0000000037009120,5天前,66,127,1,22,豆包老师,,normal,N,Y,Y,N,
xhs-0085,69296c72000000001d0391f6,豆包爱学(最多点赞);豆包爱学(最多评论),小公举的作业检查神器！豆包爱学yyds👍,https://www.xiaohongshu.com/explore/69296c72000000001d0391f6,,search,xiaohongshu,2026-03-10T18:50:00+08:00,小公举的作业检查神器！豆包爱学yyds👍,Yoyo妈妈,66ceff96000000001d021706,2025-11-28,65,50,21,6,豆包爱学(最多点赞);豆包爱学(最多评论),,normal,Y,Y,N,N,parent;homework
xhs-0086,68ca96ed0000000012022c01,unknown;豆包爱学(最多点赞);豆包 AI 老师;豆包爱学;豆包爱学 拍照答疑;豆包爱学App;豆包爱学(最多评论);豆包老师;豆包辅导作业,新功能上线👩‍🏫超超超耐心的豆包老师来咯～,https://www.xiaohongshu.com/explore/68ca96ed0000000012022c01,,search,xiaohongshu,2026-03-10T18:50:00+08:00,新功能上线👩‍🏫超超超耐心的豆包老师来咯～,豆包爱学App,669dbdf40000000024021ef2,2025-09-17,63,47,73,18,unknown;豆包爱学(最多点赞);豆包 AI 老师;豆包爱学;豆包爱学 拍照答疑;豆包爱学App;豆包爱学(最多评论);豆包老师;豆包辅导作业,,normal,Y,Y,N,N,
xhs-0087,694a4a86000000001e028be8,unknown;豆包爱学 错题本,【不费爹妈】豆包5：错题集高效整理复习‼️,https://www.xiaohongshu.com/explore/694a4a86000000001e028be8,,search,xiaohongshu,2026-03-10T18:50:00+08:00,【不费爹妈】豆包5：错题集高效整理复习‼️,大橙小橙,5c60edb7000000001203e32a,2025-12-23,60,100,2,36,unknown;豆包爱学 错题本,,video,Y,Y,N,N,cuoti
xhs-0088,66ec50d3000000001e01897b,豆包爱学 拍照答疑;unknown,豆包app你真的太让我伤心了,https://www.xiaohongshu.com/explore/66ec50d3000000001e01897b,,search,xiaohongshu,2026-03-10T18:50:00+08:00,豆包app你真的太让我伤心了,💤,61014d7700000000010019cf,2024-09-20,59,16,45,8,豆包爱学 拍照答疑;unknown,,normal,Y,Y,N,N,
xhs-0089,6915ad33000000000402a58e,豆包老师,手把手教你用ai模拟面试（特邀豆包老师,https://www.xiaohongshu.com/explore/6915ad33000000000402a58e,,search,xiaohongshu,2026-03-10T18:50:00+08:00,手把手教你用ai模拟面试（特邀豆包老师,麻辣鸭鸭(打工版,64be34e2000000001403b8d4,2025-11-13,57,18,5,7,豆包老师,,video,N,N,Y,N,
xhs-0090,67e298380000000007034713,豆包爱学 家长,🌱AI陪娃写作业-数学作业检查🌱,https://www.xiaohongshu.com/explore/67e298380000000007034713,,search,xiaohongshu,2026-03-10T18:50:00+08:00,🌱AI陪娃写作业-数学作业检查🌱,同游AI课堂,5c722b2e000000001002e054,2025-03-25,54,36,1,29,豆包爱学 家长,,normal,Y,Y,N,N,homework
xhs-0091,698875c2000000000a030a03,unknown,榨干ai第24期｜如何调教豆包让它更好用,https://www.xiaohongshu.com/explore/698875c2000000000a030a03,,search,xiaohongshu,2026-03-10T18:50:00+08:00,榨干ai第24期｜如何调教豆包让它更好用,2077范先声,6905f0610000000037032def,02-08,52,59,6,19,unknown,,video,N,N,Y,N,
xhs-0092,69895fe8000000000b0092d3,豆包爱学(最多点赞);豆包爱学(最多评论),真不知道怎么讲‼️,https://www.xiaohongshu.com/explore/69895fe8000000000b0092d3,,search,xiaohongshu,2026-03-10T18:50:00+08:00,真不知道怎么讲‼️,一只彤彤子🎀Tong,66b364eb000000001d033dba,02-09,50,25,25,13,豆包爱学(最多点赞);豆包爱学(最多评论),,video,Y,N,N,N,
xhs-0093,6906ae090000000007009563,豆包爱学(最多点赞);unknown;豆包爱学App,我研究了下“豆包”和“豆包爱学”,https://www.xiaohongshu.com/explore/6906ae090000000007009563,,search,xiaohongshu,2026-03-10T18:50:00+08:00,我研究了下“豆包”和“豆包爱学”,多多产品铺,643b9edc000000000d01915d,2025-11-02,49,50,4,17,豆包爱学(最多点赞);unknown;豆包爱学App,,normal,Y,N,N,N,
xhs-0094,699ec9450000000022030bf3,豆包爱学 拍照答疑;unknown,手机刷题截屏怎么跳转豆包讲解,https://www.xiaohongshu.com/explore/699ec9450000000022030bf3,,search,xiaohongshu,2026-03-10T18:50:00+08:00,手机刷题截屏怎么跳转豆包讲解,甜菜麦麦,5ee646e1000000000101da99,02-25,47,18,0,30,豆包爱学 拍照答疑;unknown,,normal,Y,Y,N,N,
xhs-0095,682dab1b0000000022028e58,豆包爱学;unknown,字节ai矩阵缩圈：保头部，砍尾部？多款下滑？,https://www.xiaohongshu.com/explore/682dab1b0000000022028e58,,search,xiaohongshu,2026-03-10T18:50:00+08:00,字节ai矩阵缩圈：保头部，砍尾部？多款下滑？,大厂显微镜,55b5c206e4b1cf19f937778e,2025-05-21,43,31,3,25,豆包爱学;unknown,,normal,Y,N,N,N,
xhs-0096,67ff53bc000000001b03d1c7,unknown,干货实操 英语学渣妈妈巧用豆包整理FCE错题,https://www.xiaohongshu.com/explore/67ff53bc000000001b03d1c7,,search,xiaohongshu,2026-03-10T18:50:00+08:00,干货实操 英语学渣妈妈巧用豆包整理FCE错题,海淀六妈,5abccec211be102f3b04f190,2025-04-16,43,90,5,21,unknown,,normal,N,Y,Y,N,parent;cuoti
xhs-0097,6949fc2f000000001d03afb2,unknown;豆包 AI 老师;豆包爱学;豆包爱学 拍照答疑;豆包爱学App;豆包爱学 家长;豆包辅导作业,100个AI产品分析之豆包爱学（附pdf）,https://www.xiaohongshu.com/explore/6949fc2f000000001d03afb2,,search,xiaohongshu,2026-03-10T18:50:00+08:00,100个AI产品分析之豆包爱学（附pdf）,言之AI笔记,5bde66e56ac7180001de26a0,01-06,42,54,2,20,unknown;豆包 AI 老师;豆包爱学;豆包爱学 拍照答疑;豆包爱学App;豆包爱学 家长;豆包辅导作业,,normal,Y,Y,N,N,
xhs-0098,6652cebd000000000f00d265,豆包爱学 避雷;unknown,国内的ai 慎用,https://www.xiaohongshu.com/explore/6652cebd000000000f00d265,,search,xiaohongshu,2026-03-10T18:50:00+08:00,国内的ai 慎用,满级工具人,5b8d71fa2499510001095600,2024-05-26,42,10,110,5,豆包爱学 避雷;unknown,,normal,Y,N,N,N,
xhs-0099,6802ee2b000000000900d5f0,豆包爱学 避雷,豆包要干麻呀,https://www.xiaohongshu.com/explore/6802ee2b000000000900d5f0,,search,xiaohongshu,2026-03-10T18:50:00+08:00,豆包要干麻呀,Siri,667826c60000000007007f1e,2025-04-19,41,11,30,2,豆包爱学 避雷,,normal,Y,N,N,N,
xhs-0100,66c6eeed000000001f0188b2,豆包老师,开学第一课|英语老师这样自我介绍‼️,https://www.xiaohongshu.com/explore/66c6eeed000000001f0188b2,,search,xiaohongshu,2026-03-10T18:50:00+08:00,开学第一课|英语老师这样自我介绍‼️,豆包老师,6416e32e00000000110239e7,2024-08-22,41,28,4,12,豆包老师,,video,N,Y,Y,N,
xhs-0101,68c94778000000001301c735,豆包爱学 口语,终于掌握了怎么用豆包更好的练习英语口语了,https://www.xiaohongshu.com/explore/68c94778000000001301c735,,search,xiaohongshu,2026-03-10T18:50:00+08:00,终于掌握了怎么用豆包更好的练习英语口语了,麦香鱼,5c1e40ce000000000603fa4f,2025-09-16,39,29,0,3,豆包爱学 口语,,normal,Y,Y,N,N,oral
xhs-0102,677f8ec50000000018013a68,unknown,可以避雷一下豆包ai了,https://www.xiaohongshu.com/explore/677f8ec50000000018013a68,,search,xiaohongshu,2026-03-10T18:50:00+08:00,可以避雷一下豆包ai了,shan,5c0e040af7e8b961c88237ed,2025-01-09,39,8,8,5,unknown,,normal,N,N,Y,N,
xhs-0103,67bdd050000000002602e758,unknown;豆包辅导作业,豆包AI辅导家庭作业太强了,https://www.xiaohongshu.com/explore/67bdd050000000002602e758,,search,xiaohongshu,2026-03-10T18:50:00+08:00,豆包AI辅导家庭作业太强了,伟叔Jack,61bd59de00000000100087ab,2025-02-25,37,40,6,95,unknown;豆包辅导作业,,video,N,Y,Y,N,homework
xhs-0104,68cb6b970000000012032ea4,豆包 AI 老师;unknown;豆包爱学(最多评论),宝妈看过来！AI带娃学习一年省下2W+💰保姆级,https://www.xiaohongshu.com/explore/68cb6b970000000012032ea4,,search,xiaohongshu,2026-03-10T18:50:00+08:00,宝妈看过来！AI带娃学习一年省下2W+💰保姆级,废话收容所,595780ee82ec393ac1b5d10d,2025-09-18,37,19,7,11,豆包 AI 老师;unknown;豆包爱学(最多评论),,normal,Y,Y,N,N,parent
xhs-0105,69828f5c000000000a02f058,豆包爱学 家长,原来这样是不对的,https://www.xiaohongshu.com/explore/69828f5c000000000a02f058,,search,xiaohongshu,2026-03-10T18:50:00+08:00,原来这样是不对的,松果儿,66e14fd5000000000b033b1c,03-02,36,27,0,1,豆包爱学 家长,,video,Y,N,N,N,
xhs-0106,68f08cb8000000000401557c,豆包爱学 家长,教育类 AI：在“稳增长”中崛起的新力量,https://www.xiaohongshu.com/explore/68f08cb8000000000401557c,,search,xiaohongshu,2026-03-10T18:50:00+08:00,教育类 AI：在“稳增长”中崛起的新力量,Joeylin,606e9a2b000000000100245b,2025-10-16,33,31,0,13,豆包爱学 家长,,normal,Y,Y,N,N,
xhs-0107,6929548c000000001e0075c2,unknown;豆包辅导作业,请了一位免费AI家教，安利给所有宝妈！,https://www.xiaohongshu.com/explore/6929548c000000001e0075c2,,search,xiaohongshu,2026-03-10T18:50:00+08:00,请了一位免费AI家教，安利给所有宝妈！,超级温温,5aba1a1e11be106ecf9db8f3,2025-11-28,32,15,4,4,unknown;豆包辅导作业,,normal,N,Y,N,N,parent
xhs-0108,67b728dc000000002602c0f0,unknown;豆包爱学;豆包爱学App,AI➕教育学习，这款APP被低估了！,https://www.xiaohongshu.com/explore/67b728dc000000002602c0f0,,search,xiaohongshu,2026-03-10T18:50:00+08:00,AI➕教育学习，这款APP被低估了！,MY MY设计,6768e6f7000000001900b5c4,2025-02-20,32,34,6,15,unknown;豆包爱学;豆包爱学App,,normal,Y,Y,N,N,
xhs-0109,693643f6000000001e002d48,unknown;豆包辅导作业,邪修写作业｜豆包监督,https://www.xiaohongshu.com/explore/693643f6000000001e002d48,,search,xiaohongshu,2026-03-10T18:50:00+08:00,邪修写作业｜豆包监督,大何小沫,6546598f000000000301dec1,2025-12-08,30,31,2,119,unknown;豆包辅导作业,,video,N,Y,Y,N,homework
xhs-0110,692676210000000019026d67,unknown;豆包辅导作业,豆包之不费妈,https://www.xiaohongshu.com/explore/692676210000000019026d67,,search,xiaohongshu,2026-03-10T18:50:00+08:00,豆包之不费妈,Lavender_111111888,5922fb2d82ec396386a56d05,2025-11-26,28,44,0,8,unknown;豆包辅导作业,,normal,N,Y,Y,N,parent
xhs-0111,69aeaa5f000000001b01e865,豆包 AI 老师,AI教育喊了十年，豆包做了什么？,https://www.xiaohongshu.com/explore/69aeaa5f000000001b01e865,,search,xiaohongshu,2026-03-10T18:50:00+08:00,AI教育喊了十年，豆包做了什么？,大厂慢放君,5ef187cb000000000101c570,昨天 19:11,27,41,7,6,豆包 AI 老师,,normal,N,Y,Y,N,
xhs-0112,6884d92b00000000120163eb,豆包爱学 避雷;unknown,问了几道物理题，结果全错气死个人,https://www.xiaohongshu.com/explore/6884d92b00000000120163eb,,search,xiaohongshu,2026-03-10T18:50:00+08:00,问了几道物理题，结果全错气死个人,希望か,5d82d4150000000001005c97,2025-07-26,26,5,14,5,豆包爱学 避雷;unknown,,normal,Y,N,N,N,
xhs-0113,68a5623c000000001b03e0e3,豆包爱学 口语;unknown,AI练口语测评来啦！,https://www.xiaohongshu.com/explore/68a5623c000000001b03e0e3,,search,xiaohongshu,2026-03-10T18:50:00+08:00,AI练口语测评来啦！,Lulu向上,64f9f68400000000060319e5,2025-08-20,23,29,6,6,豆包爱学 口语;unknown,,normal,Y,Y,N,N,oral
xhs-0114,680c4209000000001201d615,豆包爱学 拍照答疑;unknown,用豆包拍照解题，再也不用充vip了，多溜娃,https://www.xiaohongshu.com/explore/680c4209000000001201d615,,search,xiaohongshu,2026-03-10T18:50:00+08:00,用豆包拍照解题，再也不用充vip了，多溜娃,小新的硬核日记,63652360000000001f01e60c,2025-04-26,23,30,12,10,豆包爱学 拍照答疑;unknown,,normal,Y,Y,N,N,photo
xhs-0115,69acdeee000000002603241a,豆包爱学(最新),字节跳动豆包爱学ai产品经理面试已复盘！,https://www.xiaohongshu.com/explore/69acdeee000000002603241a,,search,xiaohongshu,2026-03-10T18:50:00+08:00,字节跳动豆包爱学ai产品经理面试已复盘！,你的offer（舒雨）,681113f9000000000e01f076,2天前,23,60,2,8,豆包爱学(最新),,normal,Y,N,N,N,
xhs-0116,69282f91000000001e0035ff,unknown,我可太喜欢这个功能了！！！,https://www.xiaohongshu.com/explore/69282f91000000001e0035ff,,search,xiaohongshu,2026-03-10T18:50:00+08:00,我可太喜欢这个功能了！！！,全全帮帮你,6729c197000000001d02e11e,2025-11-27,22,16,4,23,unknown,,normal,N,N,N,N,
xhs-0117,688460ac0000000013013e48,unknown;豆包爱学;豆包爱学App;豆包爱学(最多评论),豆包爱学/AI教研/教培大厂跳槽,https://www.xiaohongshu.com/explore/688460ac0000000013013e48,,search,xiaohongshu,2026-03-10T18:50:00+08:00,豆包爱学/AI教研/教培大厂跳槽,猫尾,56582d67a40e183b72415dc0,2025-07-26,22,19,11,0,unknown;豆包爱学;豆包爱学App;豆包爱学(最多评论),,normal,Y,N,N,N,
xhs-0118,698c7966000000002801c229,unknown,一个很火的ai心理实验,https://www.xiaohongshu.com/explore/698c7966000000002801c229,,search,xiaohongshu,2026-03-10T18:50:00+08:00,一个很火的ai心理实验,一拳打爆essay怪物,682e7eca000000000e01ca0d,02-11,22,5,2,4,unknown,,normal,N,N,N,N,
xhs-0119,69a06cd6000000002801dc42,豆包爱学;unknown,字节跳动 豆包AI产品经理 1h13min 面试内容,https://www.xiaohongshu.com/explore/69a06cd6000000002801dc42,,search,xiaohongshu,2026-03-10T18:50:00+08:00,字节跳动 豆包AI产品经理 1h13min 面试内容,传AI产品offer!(面经日更版),68fa4a420000000037029c7e,02-26,21,23,6,11,豆包爱学;unknown,,normal,Y,N,N,N,
xhs-0120,69aa9976000000001502196f,unknown;豆包爱学 错题本,AI错题本颠覆传统教育,https://www.xiaohongshu.com/explore/69aa9976000000001502196f,,search,xiaohongshu,2026-03-10T18:50:00+08:00,AI错题本颠覆传统教育,Mr.徐讲AI实战+素养,58c81dd35e87e737653d6caa,4天前,19,18,0,2,unknown;豆包爱学 错题本,,video,Y,Y,N,N,cuoti
xhs-0121,68400f36000000002202b522,豆包爱学(最多评论),📢豆包爱学大事件！深度解题能力上线啦✨,https://www.xiaohongshu.com/explore/68400f36000000002202b522,,search,xiaohongshu,2026-03-10T18:50:00+08:00,📢豆包爱学大事件！深度解题能力上线啦✨,豆包爱学App,669dbdf40000000024021ef2,2025-06-04,19,13,7,3,豆包爱学(最多评论),,normal,Y,N,N,N,
xhs-0122,698d48bd000000000b0090c5,豆包爱学(最新),小宝的十万个为什么！,https://www.xiaohongshu.com/explore/698d48bd000000000b0090c5,,search,xiaohongshu,2026-03-10T18:50:00+08:00,小宝的十万个为什么！,小情绪,653f06d20000000004008b05,02-13,18,14,1,0,豆包爱学(最新),,video,Y,N,N,N,
xhs-0123,6791add7000000001800bc03,豆包爱学 避雷;unknown;豆包爱学App,这豆包爱学，真不能瞎用……,https://www.xiaohongshu.com/explore/6791add7000000001800bc03,,search,xiaohongshu,2026-03-10T18:50:00+08:00,这豆包爱学，真不能瞎用……,nicola,5fce0f3400000000010042b9,2025-01-23,17,1,2,2,豆包爱学 避雷;unknown;豆包爱学App,,normal,Y,N,N,N,
xhs-0124,6878eb2a000000000b02dcff,豆包爱学(最多评论),这个功能……真的有点东西啊！,https://www.xiaohongshu.com/explore/6878eb2a000000000b02dcff,,search,xiaohongshu,2026-03-10T18:50:00+08:00,这个功能……真的有点东西啊！,豆包爱学App,669dbdf40000000024021ef2,2025-07-17,17,11,14,4,豆包爱学(最多评论),,normal,Y,N,N,N,
xhs-0125,696b45e6000000000b013434,豆包爱学 家长,自从有了豆包，家里再也不鸡飞狗跳了哈哈哈,https://www.xiaohongshu.com/explore/696b45e6000000000b013434,,search,xiaohongshu,2026-03-10T18:50:00+08:00,自从有了豆包，家里再也不鸡飞狗跳了哈哈哈,兔兔成长日记,64abd2510000000025034813,01-17,16,8,8,1,豆包爱学 家长,,video,Y,N,N,N,
xhs-0126,695a9d5f000000001d03dfa0,unknown,有没有免费好用的练英语口语的ai工具？,https://www.xiaohongshu.com/explore/695a9d5f000000001d03dfa0,,search,xiaohongshu,2026-03-10T18:50:00+08:00,有没有免费好用的练英语口语的ai工具？,Here I C,608bd34c0000000001009116,01-05,15,6,3,1,unknown,,normal,N,Y,N,N,oral
xhs-0127,68d4b823000000000b010aad,豆包爱学 口语,AI陪练英语口语｜社恐必备！,https://www.xiaohongshu.com/explore/68d4b823000000000b010aad,,search,xiaohongshu,2026-03-10T18:50:00+08:00,AI陪练英语口语｜社恐必备！,GEZELLIG🍀,5c278c560000000006037972,2025-09-25,14,9,2,2,豆包爱学 口语,,normal,Y,Y,N,N,oral
xhs-0128,69537e6f000000001f00b2ec,unknown;豆包爱学 错题本,如图所示 豆包爱学 巩固错题举一反三,https://www.xiaohongshu.com/explore/69537e6f000000001f00b2ec,,search,xiaohongshu,2026-03-10T18:50:00+08:00,如图所示 豆包爱学 巩固错题举一反三,学习资料库,6826ee44000000000e013229,2025-12-30,14,4,0,1,unknown;豆包爱学 错题本,,normal,Y,Y,N,N,cuoti
xhs-0129,6927a3fc000000000d03a719,unknown,字节跳动｜豆包爱学ai产品经理面经已整理✅,https://www.xiaohongshu.com/explore/6927a3fc000000000d03a719,,search,xiaohongshu,2026-03-10T18:50:00+08:00,字节跳动｜豆包爱学ai产品经理面经已整理✅,你的offer（妤宁）,67778d2200000000180175bb,2025-11-27,14,18,0,4,unknown,,normal,Y,N,N,N,
xhs-0130,69a26f76000000001b01752e,豆包爱学 避雷;unknown,摆摊挣钱-避雷,https://www.xiaohongshu.com/explore/69a26f76000000001b01752e,,search,xiaohongshu,2026-03-10T18:50:00+08:00,摆摊挣钱-避雷,杂物社,60a23091000000000100bf05,4天前,13,2,9,0,豆包爱学 避雷;unknown,,normal,Y,N,N,N,
xhs-0131,68c6d9db000000001b023e8b,豆包 AI 老师;unknown,豆包爱学新功能，陪孩子互动学习,https://www.xiaohongshu.com/explore/68c6d9db000000001b023e8b,,search,xiaohongshu,2026-03-10T18:50:00+08:00,豆包爱学新功能，陪孩子互动学习,AI童学派,686cd6fc000000001b01b8ef,2025-09-15,13,10,0,2,豆包 AI 老师;unknown,,normal,Y,Y,N,N,
xhs-0132,69299b78000000001e010817,豆包爱学 拍照答疑;豆包爱学 家长;unknown,明珠小学生被ai豆包正式接管了！欲哭无泪,https://www.xiaohongshu.com/explore/69299b78000000001e010817,,search,xiaohongshu,2026-03-10T18:50:00+08:00,明珠小学生被ai豆包正式接管了！欲哭无泪,🍅上海本地小番茄🍅,5eb4561a00000000010063b1,2025-11-28,13,5,3,3,豆包爱学 拍照答疑;豆包爱学 家长;unknown,,video,Y,Y,N,N,
xhs-0133,687bb9260000000022031ac1,unknown,豆老师，你是我的神！,https://www.xiaohongshu.com/explore/687bb9260000000022031ac1,,search,xiaohongshu,2026-03-10T18:50:00+08:00,豆老师，你是我的神！,璀璨的奇葩,624654d6000000001000f13b,2025-07-19,12,3,4,0,unknown,,normal,N,N,N,N,
xhs-0134,68764f22000000000d02747b,unknown;豆包爱学App,谐音梗 挑战一下,https://www.xiaohongshu.com/explore/68764f22000000000d02747b,,search,xiaohongshu,2026-03-10T18:50:00+08:00,谐音梗 挑战一下,豆包爱学App,669dbdf40000000024021ef2,2025-07-16,10,7,7,5,unknown;豆包爱学App,,normal,Y,N,N,N,
xhs-0135,6844f931000000002102d57d,豆包爱学 拍照答疑;unknown,高考期间ai答题居然不能用？,https://www.xiaohongshu.com/explore/6844f931000000002102d57d,,search,xiaohongshu,2026-03-10T18:50:00+08:00,高考期间ai答题居然不能用？,夏日妍妍,5bc14ff419db470001853ff9,2025-06-08,10,2,11,2,豆包爱学 拍照答疑;unknown,,normal,Y,Y,N,N,accuracy
xhs-0136,690ab4f6000000000503b0a6,unknown;豆包爱学 拍照答疑;豆包爱学App;豆包爱学 家长;豆包辅导作业,豆包，你根本不懂家长,https://www.xiaohongshu.com/explore/690ab4f6000000000503b0a6,,search,xiaohongshu,2026-03-10T18:50:00+08:00,豆包，你根本不懂家长,黑孔雀,5a7df572e8ac2b491cf25f4e,2025-11-05,9,6,0,2,unknown;豆包爱学 拍照答疑;豆包爱学App;豆包爱学 家长;豆包辅导作业,,normal,Y,Y,N,N,parent
xhs-0137,6646a224000000001e02db5b,豆包爱学 口语,可能豆包AI会让口语老师失业…😂,https://www.xiaohongshu.com/explore/6646a224000000001e02db5b,,search,xiaohongshu,2026-03-10T18:50:00+08:00,可能豆包AI会让口语老师失业…😂,朱卫军AI,5f3a9c3500000000010038ea,2024-05-17,9,6,2,1,豆包爱学 口语,,normal,Y,Y,N,N,oral
xhs-0138,6930deed000000001d039293,unknown;豆包爱学 错题本,秒宝用豆包爱学,https://www.xiaohongshu.com/explore/6930deed000000001d039293,,search,xiaohongshu,2026-03-10T18:50:00+08:00,秒宝用豆包爱学,好秒妈,6317f005000000001200ec62,2025-12-04,9,3,0,0,unknown;豆包爱学 错题本,,normal,Y,Y,N,N,
xhs-0139,66760bf9000000001e012c67,豆包爱学 避雷;unknown,国产人工智能豆包的智商堪忧,https://www.xiaohongshu.com/explore/66760bf9000000001e012c67,,search,xiaohongshu,2026-03-10T18:50:00+08:00,国产人工智能豆包的智商堪忧,记录真实的世界,5e63b2f8000000000100226c,2024-06-22,8,1,5,6,豆包爱学 避雷;unknown,,normal,Y,N,N,N,
xhs-0140,68e32ddb00000000050302ef,unknown;豆包爱学App,推荐「豆包爱学」,https://www.xiaohongshu.com/explore/68e32ddb00000000050302ef,,search,xiaohongshu,2026-03-10T18:50:00+08:00,推荐「豆包爱学」,风拂雨-钰,653cac95000000000d004894,2025-10-06,8,3,1,5,unknown;豆包爱学App,,video,Y,N,N,N,compare
xhs-0141,6844e45c0000000023011278,豆包爱学 拍照答疑;unknown,AI拍题答疑怎么啦？,https://www.xiaohongshu.com/explore/6844e45c0000000023011278,,search,xiaohongshu,2026-03-10T18:50:00+08:00,AI拍题答疑怎么啦？,小菜一碟,61b74b480000000010006908,2025-06-08,8,2,15,2,豆包爱学 拍照答疑;unknown,,normal,Y,Y,N,N,photo
xhs-0142,69a1436a000000001a026fe4,豆包爱学(最新),包饺子就我一个人包，我女儿的一个主意,https://www.xiaohongshu.com/explore/69a1436a000000001a026fe4,,search,xiaohongshu,2026-03-10T18:50:00+08:00,包饺子就我一个人包，我女儿的一个主意,巫七七日常记,68bfe27e000000001a025db1,02-27,8,4,2,5,豆包爱学(最新),,video,Y,N,N,N,
xhs-0143,68a001c6000000001d00aea9,豆包爱学 口语,豆包📚练英语口令指南！,https://www.xiaohongshu.com/explore/68a001c6000000001d00aea9,,search,xiaohongshu,2026-03-10T18:50:00+08:00,豆包📚练英语口令指南！,Lucky,67ab5ce4000000000e01f060,2025-08-16,7,8,0,5,豆包爱学 口语,,normal,Y,Y,N,N,
xhs-0144,696e347a000000000c0373ba,豆包爱学;unknown,低年级看图写话秘籍！豆包爱学一教就会！,https://www.xiaohongshu.com/explore/696e347a000000000c0373ba,,search,xiaohongshu,2026-03-10T18:50:00+08:00,低年级看图写话秘籍！豆包爱学一教就会！,芳凡,59fef07ee8ac2b6a86849261,01-19,7,3,1,1,豆包爱学;unknown,,normal,Y,Y,N,N,
xhs-0145,697b5e670000000022023b84,unknown,不管你想学什么，打给豆包，豆包的打电话功,https://www.xiaohongshu.com/explore/697b5e670000000022023b84,,search,xiaohongshu,2026-03-10T18:50:00+08:00,不管你想学什么，打给豆包，豆包的打电话功,一生要强的职场人,5f30a61d000000000101c930,01-29,7,0,0,3,unknown,,normal,N,N,Y,N,
xhs-0146,67fb7587000000001202dbe4,豆包爱学 避雷,豆包爱学连小学题都做错，还傻犟傻犟的！,https://www.xiaohongshu.com/explore/67fb7587000000001202dbe4,,search,xiaohongshu,2026-03-10T18:50:00+08:00,豆包爱学连小学题都做错，还傻犟傻犟的！,电影首日看,5e9fe74e000000000100b869,2025-04-13,6,2,1,4,豆包爱学 避雷,,normal,Y,Y,N,N,
xhs-0147,6968c7bd000000000a03efd6,unknown;豆包爱学App,豆包变聪明了？被硬控在里出不来了！,https://www.xiaohongshu.com/explore/6968c7bd000000000a03efd6,,search,xiaohongshu,2026-03-10T18:50:00+08:00,豆包变聪明了？被硬控在里出不来了！,芳凡,59fef07ee8ac2b6a86849261,01-15,6,1,0,0,unknown;豆包爱学App,,normal,Y,N,N,N,
xhs-0148,69284b56000000001d03d7fb,unknown;豆包爱学 错题本,期末冲刺必备🔥豆包爱学错题秒变试卷！,https://www.xiaohongshu.com/explore/69284b56000000001d03d7fb,,search,xiaohongshu,2026-03-10T18:50:00+08:00,期末冲刺必备🔥豆包爱学错题秒变试卷！,我是虫妈啊,54f574b8a46e967dac948b9a,2025-11-27,6,22,0,15,unknown;豆包爱学 错题本,,video,Y,Y,N,N,cuoti
xhs-0149,695bc3f4000000001a028963,豆包爱学 家长,早这样我们家是不是要变学霸了呀,https://www.xiaohongshu.com/explore/695bc3f4000000001a028963,,search,xiaohongshu,2026-03-10T18:50:00+08:00,早这样我们家是不是要变学霸了呀,UndineZJ,5395d8cfb4c4d60fee4c8eb9,01-05,6,1,2,2,豆包爱学 家长,,normal,Y,N,N,N,
xhs-0150,68975ec4000000002302d280,豆包爱学 避雷;unknown,物理初学者不要用豆包,https://www.xiaohongshu.com/explore/68975ec4000000002302d280,,search,xiaohongshu,2026-03-10T18:50:00+08:00,物理初学者不要用豆包,花卷,5b92087fa0085400016ff8d8,2025-08-09,5,0,1,0,豆包爱学 避雷;unknown,,normal,Y,N,N,N,
xhs-0151,68ee7114000000000700998f,豆包爱学 避雷;unknown,认真表达了自己的感受,https://www.xiaohongshu.com/explore/68ee7114000000000700998f,,search,xiaohongshu,2026-03-10T18:50:00+08:00,认真表达了自己的感受,甜不辣,5b7195ab6b58b70565b339c7,2025-10-14,5,1,1,0,豆包爱学 避雷;unknown,,normal,Y,N,N,N,
xhs-0152,69ae0bba000000001a01fb21,豆包爱学 错题本,新学期给女儿设计的活页错题本封面封底,https://www.xiaohongshu.com/explore/69ae0bba000000001a01fb21,,search,xiaohongshu,2026-03-10T18:50:00+08:00,新学期给女儿设计的活页错题本封面封底,亲子欢乐颂,5cbf27a10000000010010e56,1天前,5,5,2,1,豆包爱学 错题本,,normal,Y,Y,N,N,cuoti
xhs-0153,694115d8000000001d03f248,豆包辅导作业,写下作业，写作业不用催！有豆包大姨哈哈😆,https://www.xiaohongshu.com/explore/694115d8000000001d03f248,,search,xiaohongshu,2026-03-10T18:50:00+08:00,写下作业，写作业不用催！有豆包大姨哈哈😆,海云峥生活能量,5facccab000000000100872c,2025-12-16,5,3,1,0,豆包辅导作业,,video,N,Y,Y,N,homework
xhs-0154,67ac6ffa000000002900ed7a,unknown,我用 ai 无痛学口语,https://www.xiaohongshu.com/explore/67ac6ffa000000002900ed7a,,search,xiaohongshu,2026-03-10T18:50:00+08:00,我用 ai 无痛学口语,明知山有虎子哥,5a008e104eacab11e1c2608f,2025-03-03,5,5,2,4,unknown,,normal,N,Y,N,N,oral
xhs-0155,69afc1c60000000006032bfe,豆包 AI 老师;unknown,豆包老师的强大！,https://www.xiaohongshu.com/explore/69afc1c60000000006032bfe,,search,xiaohongshu,2026-03-10T18:50:00+08:00,豆包老师的强大！,阿杨&,59cbbc9851783a377a4c3c4e,3小时前,4,2,0,1,豆包 AI 老师;unknown,,normal,N,N,Y,N,
xhs-0156,690012420000000004011fe6,豆包爱学;unknown,教育AI9月大爆发！头部增幅超200%,https://www.xiaohongshu.com/explore/690012420000000004011fe6,,search,xiaohongshu,2026-03-10T18:50:00+08:00,教育AI9月大爆发！头部增幅超200%,一切皆可AI-宇见未来,611cb0760000000001003503,2025-10-28,4,1,0,0,豆包爱学;unknown,,video,Y,Y,N,N,
xhs-0157,685d272600000000220322b0,unknown,AI一对一视频辅导学习超好用,https://www.xiaohongshu.com/explore/685d272600000000220322b0,,search,xiaohongshu,2026-03-10T18:50:00+08:00,AI一对一视频辅导学习超好用,小狐泥,5b1aa3ed11be105e57c4a652,01-22,4,1,0,0,unknown,,normal,N,Y,N,N,
xhs-0158,682aaa7e000000000f031768,unknown,感谢豆老师！！！,https://www.xiaohongshu.com/explore/682aaa7e000000000f031768,,search,xiaohongshu,2026-03-10T18:50:00+08:00,感谢豆老师！！！,摸黑,589ec41d82ec39574b564c4a,2025-05-19,4,1,3,0,unknown,,normal,N,N,N,N,
xhs-0159,67481c8d000000000202fc8f,unknown,用豆包练习英语口语，还不错☺,https://www.xiaohongshu.com/explore/67481c8d000000000202fc8f,,search,xiaohongshu,2026-03-10T18:50:00+08:00,用豆包练习英语口语，还不错☺,蔡小小Cai🐾,5e80131a0000000001004441,2024-11-28,4,2,1,1,unknown,,normal,N,Y,Y,N,oral
xhs-0160,67b2a62e0000000018008c72,unknown,免费口语练习AI分享（豆包）,https://www.xiaohongshu.com/explore/67b2a62e0000000018008c72,,search,xiaohongshu,2026-03-10T18:50:00+08:00,免费口语练习AI分享（豆包）,乙烯,6279fa0c00000000210217b5,2025-02-17,4,1,1,2,unknown,,normal,N,Y,Y,N,oral
xhs-0161,67c008dc000000002902c4e0,豆包爱学 避雷,避雷豆包,https://www.xiaohongshu.com/explore/67c008dc000000002902c4e0,,search,xiaohongshu,2026-03-10T18:50:00+08:00,避雷豆包,鹅鹅鹅随,6527d0d1000000002a018448,2025-02-27,3,0,2,0,豆包爱学 避雷,,normal,Y,N,N,N,
xhs-0162,66f60d8e000000001b020e4a,豆包爱学 避雷;unknown,豆包爱学太好笑了,https://www.xiaohongshu.com/explore/66f60d8e000000001b020e4a,,search,xiaohongshu,2026-03-10T18:50:00+08:00,豆包爱学太好笑了,🐾🐾,5aed7fa011be103c1f808d58,2024-09-27,3,2,0,2,豆包爱学 避雷;unknown,,normal,Y,N,N,N,
xhs-0163,69929917000000001a037a18,豆包爱学;豆包爱学(最新);unknown,哈哈笑死我了,https://www.xiaohongshu.com/explore/69929917000000001a037a18,,search,xiaohongshu,2026-03-10T18:50:00+08:00,哈哈笑死我了,面包,622d15730000000010009ff0,02-16,3,0,2,0,豆包爱学;豆包爱学(最新);unknown,,normal,Y,N,N,N,
xhs-0164,69722587000000000a03f51b,豆包爱学App;豆包爱学(最多评论),豆包爱学习怎么了？,https://www.xiaohongshu.com/explore/69722587000000000a03f51b,,search,xiaohongshu,2026-03-10T18:50:00+08:00,豆包爱学习怎么了？,Nannnncy🍊,68636e85000000001d017f3d,01-22,3,0,9,0,豆包爱学App;豆包爱学(最多评论),,normal,Y,Y,N,N,
xhs-0165,69af7d570000000026031f6d,unknown,千问vs豆包,https://www.xiaohongshu.com/explore/69af7d570000000026031f6d,,search,xiaohongshu,2026-03-10T18:50:00+08:00,千问vs豆包,哈基米德,62404802000000001000aa8a,8小时前,3,0,0,1,unknown,,normal,N,N,Y,N,compare
xhs-0166,699dab37000000001a02679c,豆包爱学(最新),豆包爱学 YYDS,https://www.xiaohongshu.com/explore/699dab37000000001a02679c,,search,xiaohongshu,2026-03-10T18:50:00+08:00,豆包爱学 YYDS,空悲切,69056dd200000000300294f1,02-24,3,0,0,1,豆包爱学(最新),,normal,Y,N,N,N,
xhs-0167,6971a97c000000002203a43f,unknown,豆包练口语,https://www.xiaohongshu.com/explore/6971a97c000000002203a43f,,search,xiaohongshu,2026-03-10T18:50:00+08:00,豆包练口语,momo,5837b1e56a6a6968d22a4841,01-22,3,3,8,2,unknown,,normal,N,Y,Y,N,oral
xhs-0168,6901951b000000000500267c,unknown,读博日记Day N+34,https://www.xiaohongshu.com/explore/6901951b000000000500267c,,search,xiaohongshu,2026-03-10T18:50:00+08:00,读博日记Day N+34,乔俣乔,5cdeb771000000001203d66b,2025-10-29,3,1,0,0,unknown,,normal,N,N,N,N,
xhs-0169,697f505c000000002200946e,豆包爱学 避雷;unknown;豆包爱学App,豆包爱学，你晚上睡的着觉吗？,https://www.xiaohongshu.com/explore/697f505c000000002200946e,,search,xiaohongshu,2026-03-10T18:50:00+08:00,豆包爱学，你晚上睡的着觉吗？,蓝雾.心雾,5ff5bed20000000001006995,02-01,2,0,0,0,豆包爱学 避雷;unknown;豆包爱学App,,video,Y,N,N,N,
xhs-0170,69a10b2f000000001a021819,豆包 AI 老师,人类替代不了AI,https://www.xiaohongshu.com/explore/69a10b2f000000001a021819,,search,xiaohongshu,2026-03-10T18:50:00+08:00,人类替代不了AI,Wsu999,5ec50d24000000000100515c,02-27,2,0,6,2,豆包 AI 老师,,normal,N,N,N,N,
xhs-0171,694f8d9c000000001d03fc39,豆包爱学 拍照答疑;unknown,千问，豆包都学习一下元宝的产品设计,https://www.xiaohongshu.com/explore/694f8d9c000000001d03fc39,,search,xiaohongshu,2026-03-10T18:50:00+08:00,千问，豆包都学习一下元宝的产品设计,brawnen,5b4f00b44eacab4ac33732dd,2025-12-27,2,2,1,4,豆包爱学 拍照答疑;unknown,,normal,Y,Y,N,N,
xhs-0172,6944fb50000000001e012ab0,豆包爱学 家长,豆包作业监工，妈妈值得拥有,https://www.xiaohongshu.com/explore/6944fb50000000001e012ab0,,search,xiaohongshu,2026-03-10T18:50:00+08:00,豆包作业监工，妈妈值得拥有,禾子叽叽叽,5cbbf009000000001603a61b,2025-12-26,2,2,2,3,豆包爱学 家长,,normal,Y,Y,N,N,parent;compare;homework
xhs-0173,6951082c0000000022021ef9,unknown,12.28口语-跟豆包练1小时口语,https://www.xiaohongshu.com/explore/6951082c0000000022021ef9,,search,xiaohongshu,2026-03-10T18:50:00+08:00,12.28口语-跟豆包练1小时口语,Andy Murray坚持学英语,6833dba3000000000e01fa68,2025-12-28,2,1,1,0,unknown,,normal,N,Y,Y,N,oral
xhs-0174,693a6de3000000001e0032b6,豆包爱学 避雷;unknown,豆包和豆包爱学解题错误,https://www.xiaohongshu.com/explore/693a6de3000000001e0032b6,,search,xiaohongshu,2026-03-10T18:50:00+08:00,豆包和豆包爱学解题错误,笑东,612090fd000000000101c2af,2025-12-11,1,2,0,0,豆包爱学 避雷;unknown,,normal,Y,N,N,N,
xhs-0175,6953f10e000000001e031afd,豆包 AI 老师,AI的阅读量,https://www.xiaohongshu.com/explore/6953f10e000000001e031afd,,search,xiaohongshu,2026-03-10T18:50:00+08:00,AI的阅读量,香菜冰杯不加糖,64804584000000001001ea6c,2025-12-30,1,1,2,0,豆包 AI 老师,,normal,N,N,N,N,
xhs-0176,69a67c21000000001d0102b6,unknown;豆包爱学;豆包爱学App,【三分AI】教你用豆包爱学打开元宵节~,https://www.xiaohongshu.com/explore/69a67c21000000001d0102b6,,search,xiaohongshu,2026-03-10T18:50:00+08:00,【三分AI】教你用豆包爱学打开元宵节~,三分AI,5ddfabb60000000001003d06,03-03,1,0,0,0,unknown;豆包爱学;豆包爱学App,,video,Y,N,N,N,
xhs-0177,691f4563000000001e00190e,unknown,豆包答题不靠谱,https://www.xiaohongshu.com/explore/691f4563000000001e00190e,,search,xiaohongshu,2026-03-10T18:50:00+08:00,豆包答题不靠谱,心想事没成,59a4123b5e87e7788ad7a61d,2025-11-21,1,1,0,0,unknown,,normal,N,N,Y,N,accuracy
xhs-0178,699174d8000000000a02d7e3,豆包爱学 拍照答疑;unknown,豆包你是认真的吗？,https://www.xiaohongshu.com/explore/699174d8000000000a02d7e3,,search,xiaohongshu,2026-03-10T18:50:00+08:00,豆包你是认真的吗？,左脑拳打脚踢右脑,6589529d000000002001e57d,02-15,1,0,0,0,豆包爱学 拍照答疑;unknown,,normal,Y,Y,N,N,
xhs-0179,6843f005000000002202f707,豆包爱学 拍照答疑;unknown,啊啊啊啊啊啊破防了,https://www.xiaohongshu.com/explore/6843f005000000002202f707,,search,xiaohongshu,2026-03-10T18:50:00+08:00,啊啊啊啊啊啊破防了,祝大家身体健康~,60fa3591000000000101f9e3,2025-06-07,1,0,3,0,豆包爱学 拍照答疑;unknown,,normal,Y,Y,N,N,
xhs-0180,67fccf7b000000001201c389,豆包爱学 家长,AI赋能教育deepseek➕豆包家长辅导作没烦恼,https://www.xiaohongshu.com/explore/67fccf7b000000001201c389,,search,xiaohongshu,2026-03-10T18:50:00+08:00,AI赋能教育deepseek➕豆包家长辅导作没烦恼,榕嬷嬷爱学习,5ff2a370000000000101e284,2025-04-14,1,1,0,0,豆包爱学 家长,,normal,Y,Y,N,N,parent;compare
xhs-0181,69aacb7b000000002801cea7,unknown,跟AI练口语 Day2,https://www.xiaohongshu.com/explore/69aacb7b000000002801cea7,,search,xiaohongshu,2026-03-10T18:50:00+08:00,跟AI练口语 Day2,向上的小鸟,5dec883400000000010000a7,3天前,1,0,0,0,unknown,,video,N,Y,N,N,oral
xhs-0182,67bf2f2c000000002901d079,unknown,跟着豆包学习英语,https://www.xiaohongshu.com/explore/67bf2f2c000000002901d079,,search,xiaohongshu,2026-03-10T18:50:00+08:00,跟着豆包学习英语,数只轻舟,67302de90000000015009622,2025-02-26,1,0,0,0,unknown,,normal,N,Y,Y,N,
xhs-0183,697a27ae000000000a03ff3d,豆包爱学 避雷,豆包，你认真的吗？😅,https://www.xiaohongshu.com/explore/697a27ae000000000a03ff3d,,search,xiaohongshu,2026-03-10T18:50:00+08:00,豆包，你认真的吗？😅,切布尔端庄的佩兰,60d60a590000000001003afb,01-28,0,0,0,0,豆包爱学 避雷,,normal,Y,N,N,N,
xhs-0184,69af86cf00000000150223a4,豆包 AI 老师;unknown,豆包是我见过最xx的ai,https://www.xiaohongshu.com/explore/69af86cf00000000150223a4,,search,xiaohongshu,2026-03-10T18:50:00+08:00,豆包是我见过最xx的ai,-乐祐,64c4cafc000000000b006fb8,7小时前,0,0,5,0,豆包 AI 老师;unknown,,normal,N,N,Y,N,
xhs-0185,69ac1675000000002603078b,unknown,豆老师是不是只顺着人说话呢,https://www.xiaohongshu.com/explore/69ac1675000000002603078b,,search,xiaohongshu,2026-03-10T18:50:00+08:00,豆老师是不是只顺着人说话呢,喜羊羊煎蛋,62e4aeb3000000001f0066a6,2天前,0,0,0,0,unknown,,normal,N,N,N,N,
xhs-0186,697ea75a000000002800ad92,unknown;豆包爱学 错题本,豆包做错题会承认错误,https://www.xiaohongshu.com/explore/697ea75a000000002800ad92,,search,xiaohongshu,2026-03-10T18:50:00+08:00,豆包做错题会承认错误,莉子❤️🌹,5884428d82ec3936bfbe38cb,02-01,0,0,0,0,unknown;豆包爱学 错题本,,normal,Y,Y,N,N,cuoti
xhs-0187,69ae74d6000000001503b7b9,豆包爱学 拍照答疑;unknown,豆某app拍照答疑误导人,https://www.xiaohongshu.com/explore/69ae74d6000000001503b7b9,,search,xiaohongshu,2026-03-10T18:50:00+08:00,豆某app拍照答疑误导人,阿呦,610bfcb8000000002002bcbe,1天前,0,0,1,0,豆包爱学 拍照答疑;unknown,,normal,Y,Y,N,N,photo
xhs-0188,69aee133000000001b01df05,unknown,豆包老师点评热舞,https://www.xiaohongshu.com/explore/69aee133000000001b01df05,,search,xiaohongshu,2026-03-10T18:50:00+08:00,豆包老师点评热舞,像素茄,5f66b20f000000000101ebc4,25分钟前,0,0,0,0,unknown,,video,N,N,Y,N,
xhs-0189,695bceec000000000e03e777,unknown,豆包老师太强了！,https://www.xiaohongshu.com/explore/695bceec000000000e03e777,,search,xiaohongshu,2026-03-10T18:50:00+08:00,豆包老师太强了！,Rayer,64c5cd8f000000000b00a931,01-05,0,1,1,0,unknown,,normal,N,N,Y,N,
xhs-0190,69a91a3c000000001a0241c0,豆包爱学(最新),步步高学习机豆包爱学上线啦！！！,https://www.xiaohongshu.com/explore/69a91a3c000000001a0241c0,,search,xiaohongshu,2026-03-10T18:50:00+08:00,步步高学习机豆包爱学上线啦！！！,楚门书店小天才步步高,68733398000000001d00b462,5天前,0,0,0,0,豆包爱学(最新),,video,Y,Y,N,N,
xhs-0191,69a90438000000002303a6da,豆包爱学(最新),豆包爱学AI，步步高升级啦！,https://www.xiaohongshu.com/explore/69a90438000000002303a6da,,search,xiaohongshu,2026-03-10T18:50:00+08:00,豆包爱学AI，步步高升级啦！,步步高 小天才,642e41840000000011023615,5天前,0,0,0,0,豆包爱学(最新),,video,Y,N,N,N,
xhs-0192,67aa1184000000002a003b03,豆包爱学 体验,一分钟学会AI学语文,https://www.xiaohongshu.com/explore/67aa1184000000002a003b03,,search,xiaohongshu,2026-03-10T20:30:00+08:00,一分钟学会AI学语文,喜欢编程的杨同学,56d290df84edcd782a3c8748,2025-02-10,6250,8111,112,4680,豆包爱学 体验,,video,Y,Y,N,N,
xhs-0193,69721816000000000b00b461,豆包爱学(最多收藏),我是如何哄我妹学习的,https://www.xiaohongshu.com/explore/69721816000000000b00b461,,search,xiaohongshu,2026-03-10T20:30:00+08:00,我是如何哄我妹学习的,依依有个姐姐,604eaa5400000000010007aa,01-22,3018,1783,10,59,豆包爱学(最多收藏),,video,Y,Y,N,N,parent
xhs-0194,68b1c572000000001b03505f,豆包爱学 学习,专业课AI抽背邪修大法！！！,https://www.xiaohongshu.com/explore/68b1c572000000001b03505f,,search,xiaohongshu,2026-03-10T20:30:00+08:00,专业课AI抽背邪修大法！！！,真。钞,61a1ca03000000001000c524,2025-08-29,1825,1742,23,232,豆包爱学 学习,,normal,Y,Y,N,N,
xhs-0195,68d88c1a000000001202ed47,豆包爱学 作业批改,教师AI工具大合集 ｜2025最新必备榜单,https://www.xiaohongshu.com/explore/68d88c1a000000001202ed47,,search,xiaohongshu,2026-03-10T20:30:00+08:00,教师AI工具大合集 ｜2025最新必备榜单,玩AI的阿麦,656ae8b1000000001c01b385,2025-09-28,864,1155,3,131,豆包爱学 作业批改,,normal,Y,Y,N,N,
xhs-0196,6847967c000000001200420c,豆包爱学 讲题,AI能根据题目自动生成讲解视频了!,https://www.xiaohongshu.com/explore/6847967c000000001200420c,,search,xiaohongshu,2026-03-10T20:30:00+08:00,AI能根据题目自动生成讲解视频了!,Cora姐姐,5482a9922e1d932a3cf9f379,2025-06-10,842,1118,15,291,豆包爱学 讲题,,video,Y,Y,N,N,
xhs-0197,67890c9c0000000019033787,豆包爱学 测评,中国 AI 月活排名，百度文小言又要掉队！,https://www.xiaohongshu.com/explore/67890c9c0000000019033787,,search,xiaohongshu,2026-03-10T20:30:00+08:00,中国 AI 月活排名，百度文小言又要掉队！,Heikepai,5fdac0a600000000010065bd,2025-01-16,713,396,690,190,豆包爱学 测评,,normal,Y,N,N,N,
xhs-0198,676aad92000000000b014582,豆包爱学 推荐,这些个自我提升的App一定要用🤓,https://www.xiaohongshu.com/explore/676aad92000000000b014582,,search,xiaohongshu,2026-03-10T20:30:00+08:00,这些个自我提升的App一定要用🤓,椰子研究所,5f2ea7c50000000001007ba6,2024-12-24,649,415,16,49,豆包爱学 推荐,,normal,Y,Y,N,N,
xhs-0199,677a2039000000000b02192a,豆包爱学 推荐,提高工作效率的ai神器大盘点,https://www.xiaohongshu.com/explore/677a2039000000000b02192a,,search,xiaohongshu,2026-03-10T20:30:00+08:00,提高工作效率的ai神器大盘点,小葱的AI笔记,63ae915a000000002702848e,2025-01-05,590,650,7,54,豆包爱学 推荐,,normal,Y,N,N,N,
xhs-0200,68cd28260000000012015bcf,豆包爱学 推荐,用豆包来学医学专业课简直太香了！,https://www.xiaohongshu.com/explore/68cd28260000000012015bcf,,search,xiaohongshu,2026-03-10T20:30:00+08:00,用豆包来学医学专业课简直太香了！,聪姐姐,60d009490000000001002032,2025-09-19,559,407,17,129,豆包爱学 推荐,,normal,Y,N,N,N,
xhs-0201,694929e9000000001e00646c,豆包爱学 辅导,AI+这三大学习方法=王炸🔥,https://www.xiaohongshu.com/explore/694929e9000000001e00646c,,search,xiaohongshu,2026-03-10T20:30:00+08:00,AI+这三大学习方法=王炸🔥,是超哥的视界,55948978e58d134aa81c4aad,2025-12-22,454,1066,3,258,豆包爱学 辅导,,video,Y,Y,N,N,
xhs-0202,69aa9153000000002203a9a4,豆包爱学 功能,AI万能指令！30个场景大合集！谁还不会？！,https://www.xiaohongshu.com/explore/69aa9153000000002203a9a4,,search,xiaohongshu,2026-03-10T20:30:00+08:00,AI万能指令！30个场景大合集！谁还不会？！,蓝卟噜的小书桌,5c8efb4300000000160009f3,4天前,396,775,5,110,豆包爱学 功能,,normal,Y,N,N,N,
xhs-0203,67d14c25000000000900e553,豆包爱学 测评,四大知名AI眼中的中国十大高校,https://www.xiaohongshu.com/explore/67d14c25000000000900e553,,search,xiaohongshu,2026-03-10T20:30:00+08:00,四大知名AI眼中的中国十大高校,厂牌收藏家,5e1fc6d000000000010031de,2025-03-12,342,121,217,39,豆包爱学 测评,,normal,Y,N,N,N,
xhs-0204,672e325d000000001b029f2c,豆包爱学 数学,一个豆包爱学AI，孩子数学辅导问题全搞定！,https://www.xiaohongshu.com/explore/672e325d000000001b029f2c,,search,xiaohongshu,2026-03-10T20:30:00+08:00,一个豆包爱学AI，孩子数学辅导问题全搞定！,Summer父子,660980ce000000000b00fc73,2024-11-09,226,355,13,276,豆包爱学 数学,,video,Y,Y,N,N,parent
xhs-0205,6796edda000000001800fc8e,豆包爱学 好用吗,数学题测试下DeepSeek、GPT4o、智谱、豆包,https://www.xiaohongshu.com/explore/6796edda000000001800fc8e,,search,xiaohongshu,2026-03-10T20:30:00+08:00,数学题测试下DeepSeek、GPT4o、智谱、豆包,没啥事就分享点儿生活叭～,63e2f234000000002702825a,2025-01-27,177,37,29,5,豆包爱学 好用吗,,normal,Y,Y,N,N,compare
xhs-0206,660e368b000000001b00aa01,豆包爱学 推荐,男带娃｜整理的国内好用的AI产品,https://www.xiaohongshu.com/explore/660e368b000000001b00aa01,,search,xiaohongshu,2026-03-10T20:30:00+08:00,男带娃｜整理的国内好用的AI产品,一年二班东东,55fa0ff4f5a2636f4bcdba14,2024-04-04,115,166,10,14,豆包爱学 推荐,,normal,Y,N,N,N,parent
xhs-0207,67603ed4000000000800c72a,豆包爱学 讲题;豆包爱学 数学,【豆包】实操教程｜如何利用AI解数学题？,https://www.xiaohongshu.com/explore/67603ed4000000000800c72a,,search,xiaohongshu,2026-03-10T20:30:00+08:00,【豆包】实操教程｜如何利用AI解数学题？,陈陈菲懂点AI,67382c16000000001c01bd05,2024-12-16,88,94,9,36,豆包爱学 讲题;豆包爱学 数学,,video,Y,Y,N,N,
xhs-0208,68e3c2890000000007017194,豆包爱学 好用吗,快对 ai好用还是豆包或 DeepSeek好用,https://www.xiaohongshu.com/explore/68e3c2890000000007017194,,search,xiaohongshu,2026-03-10T20:30:00+08:00,快对 ai好用还是豆包或 DeepSeek好用,kimi,6055f145000000000100112a,2025-10-06,85,21,6,3,豆包爱学 好用吗,,normal,Y,N,N,N,compare
xhs-0209,67c54461000000000603ef01,豆包爱学 推荐,AI软件使用频率deepSeek>腾讯元宝>豆包,https://www.xiaohongshu.com/explore/67c54461000000000603ef01,,search,xiaohongshu,2026-03-10T20:30:00+08:00,AI软件使用频率deepSeek>腾讯元宝>豆包,彩彩小公主✨,54847e59d6e4a9281a53f11e,2025-03-03,79,29,7,6,豆包爱学 推荐,,normal,Y,N,N,N,compare
xhs-0210,677136f3000000000900ff7d,豆包爱学 辅导,完蛋！AI要干掉作业帮了,https://www.xiaohongshu.com/explore/677136f3000000000900ff7d,,search,xiaohongshu,2026-03-10T20:30:00+08:00,完蛋！AI要干掉作业帮了,壹妈两娃,5e932139000000000100a4f3,2024-12-29,77,54,23,36,豆包爱学 辅导,,normal,Y,Y,N,N,parent;compare;homework
xhs-0211,67b44b8b000000000302a5db,豆包爱学 对比,3分看懂AI差距！这份PPT对比被老板疯狂转发,https://www.xiaohongshu.com/explore/67b44b8b000000000302a5db,,search,xiaohongshu,2026-03-10T20:30:00+08:00,3分看懂AI差距！这份PPT对比被老板疯狂转发,晴天🌞,5fa2c5250000000001006f8d,2025-02-18,68,47,4,14,豆包爱学 对比,,normal,Y,N,N,N,compare
xhs-0212,682abe28000000000f0338f3,豆包爱学 好用吗,四年级作业,https://www.xiaohongshu.com/explore/682abe28000000000f0338f3,,search,xiaohongshu,2026-03-10T20:30:00+08:00,四年级作业,打网球的ADHD,5bd7ec9e432b9b0001be0980,2025-05-19,65,22,5,12,豆包爱学 好用吗,,normal,Y,Y,N,N,homework
xhs-0213,67cd6a7100000000290303ff,豆包爱学 作业批改,对作业帮也彻底失望了😞,https://www.xiaohongshu.com/explore/67cd6a7100000000290303ff,,search,xiaohongshu,2026-03-10T20:30:00+08:00,对作业帮也彻底失望了😞,普娃的成长,61d474770000000021020cb8,2025-03-09,61,26,53,6,豆包爱学 作业批改,,normal,Y,Y,N,N,compare;homework
xhs-0214,69912666000000001a01f548,豆包爱学 免费;豆包爱学 功能,豆包2.0来了！中国版Trae免费用，超预期了,https://www.xiaohongshu.com/explore/69912666000000001a01f548,,search,xiaohongshu,2026-03-10T20:30:00+08:00,豆包2.0来了！中国版Trae免费用，超预期了,袋鼠帝,6423943e0000000011021749,02-15,60,68,11,12,豆包爱学 免费;豆包爱学 功能,,normal,Y,N,N,N,
xhs-0215,699a601d000000000d008d43,豆包爱学 功能,OpenClaw支持豆包了，还有9大新功能,https://www.xiaohongshu.com/explore/699a601d000000000d008d43,,search,xiaohongshu,2026-03-10T20:30:00+08:00,OpenClaw支持豆包了，还有9大新功能,Yanlin,60d7f77a000000000101ef06,02-22,51,45,8,6,豆包爱学 功能,,normal,Y,N,N,N,
xhs-0216,681077ad0000000021009119,豆包爱学 数学,豆包真不是智障吗,https://www.xiaohongshu.com/explore/681077ad0000000021009119,,search,xiaohongshu,2026-03-10T20:30:00+08:00,豆包真不是智障吗,momo,66ca055a000000001d030b01,2025-04-29,49,4,93,32,豆包爱学 数学,,normal,Y,Y,N,N,accuracy
xhs-0217,679ae3bb0000000028037df5,豆包爱学 推荐,AI 工具推荐,https://www.xiaohongshu.com/explore/679ae3bb0000000028037df5,,search,xiaohongshu,2026-03-10T20:30:00+08:00,AI 工具推荐,冬冬真可爱,63f45a32000000001001c7ce,2025-01-30,44,29,5,11,豆包爱学 推荐,,normal,Y,N,N,N,compare
xhs-0218,69740697000000000903b2f3,豆包爱学 辅导,这个寒假学会用AI辅导，简直就是王炸‼️,https://www.xiaohongshu.com/explore/69740697000000000903b2f3,,search,xiaohongshu,2026-03-10T20:30:00+08:00,这个寒假学会用AI辅导，简直就是王炸‼️,是超哥的视界,55948978e58d134aa81c4aad,01-25,31,37,0,10,豆包爱学 辅导,,video,Y,Y,N,N,
xhs-0219,67ad7aaa0000000028035411,豆包爱学 作业批改,KIMI/豆包/Deepseek批改小学三年级作业,https://www.xiaohongshu.com/explore/67ad7aaa0000000028035411,,search,xiaohongshu,2026-03-10T20:30:00+08:00,KIMI/豆包/Deepseek批改小学三年级作业,老妈自鸡丨图解数学,56b09f36b8c8b42c5016306c,2025-02-13,30,10,0,6,豆包爱学 作业批改,,normal,Y,Y,N,N,parent;compare;homework
xhs-0220,69255cf20000000019027b64,豆包爱学 作业批改,托管班老师作业批改的秘密武器,https://www.xiaohongshu.com/explore/69255cf20000000019027b64,,search,xiaohongshu,2026-03-10T20:30:00+08:00,托管班老师作业批改的秘密武器,J,56ce98b84775a77b9f6aae4d,2025-11-25,27,15,2,6,豆包爱学 作业批改,,normal,Y,Y,N,N,homework
xhs-0221,6764ea4e000000000902e5e2,豆包爱学 学习,我的学习搭子！Ai版费曼学习法效率UP200,https://www.xiaohongshu.com/explore/6764ea4e000000000902e5e2,,search,xiaohongshu,2026-03-10T20:30:00+08:00,我的学习搭子！Ai版费曼学习法效率UP200,丁戈dinge,66dfe526000000000d027d10,2024-12-20,22,39,0,2,豆包爱学 学习,,normal,Y,Y,N,N,
xhs-0222,695a2f00000000001d03f0a6,豆包爱学 对比,你以为 AI 是在回答问题，其实它在筛选答案,https://www.xiaohongshu.com/explore/695a2f00000000001d03f0a6,,search,xiaohongshu,2026-03-10T20:30:00+08:00,你以为 AI 是在回答问题，其实它在筛选答案,Leo运营日记,675a4c250000000010001431,01-04,21,18,3,4,豆包爱学 对比,,normal,Y,N,N,N,
xhs-0223,68ccd9630000000011017d4e,豆包爱学(最多收藏),教育相关背景文科生进：豆包爱学招人,https://www.xiaohongshu.com/explore/68ccd9630000000011017d4e,,search,xiaohongshu,2026-03-10T20:30:00+08:00,教育相关背景文科生进：豆包爱学招人,小坤学姐带文科生搞AI,67e7d492000000000e01c70a,2025-09-19,20,18,6,7,豆包爱学(最多收藏),,normal,Y,Y,N,N,
xhs-0224,685524860000000023004cfe,豆包爱学 学习;豆包爱学 功能,麻省理工推出给孩子的免费AI课,https://www.xiaohongshu.com/explore/685524860000000023004cfe,,search,xiaohongshu,2026-03-10T20:30:00+08:00,麻省理工推出给孩子的免费AI课,精英说 ELITES TALK,646da12a0000000012034657,2025-06-20,19,24,0,14,豆包爱学 学习;豆包爱学 功能,,normal,Y,Y,N,N,
xhs-0225,684a9f0a000000002300249c,豆包爱学 数学,高中数学难题破局！豆包爱学深度解题太牛啦,https://www.xiaohongshu.com/explore/684a9f0a000000002300249c,,search,xiaohongshu,2026-03-10T20:30:00+08:00,高中数学难题破局！豆包爱学深度解题太牛啦,旦旦飘香,5b7dfc476c58ea0001dbfa10,2025-06-13,18,11,2,3,豆包爱学 数学,,normal,Y,Y,N,N,
xhs-0226,68ea248f0000000004021f5d,豆包爱学 对比;豆包爱学 测评,我宣布,https://www.xiaohongshu.com/explore/68ea248f0000000004021f5d,,search,xiaohongshu,2026-03-10T20:30:00+08:00,我宣布,嘴角弧线,6207ddea0000000010007120,2025-10-11,15,3,5,4,豆包爱学 对比;豆包爱学 测评,,normal,Y,N,N,N,
xhs-0227,6713d18c000000001b0112f7,豆包爱学 免费,推荐几个辅导作业的APP,https://www.xiaohongshu.com/explore/6713d18c000000001b0112f7,,search,xiaohongshu,2026-03-10T20:30:00+08:00,推荐几个辅导作业的APP,小红薯5C1D50BC,5c1c399c000000000501157d,2024-10-19,14,16,0,1,豆包爱学 免费,,normal,Y,Y,N,N,parent;compare;homework
xhs-0228,68511645000000002300d271,豆包爱学 数学,再也不用到处找口算了！用豆包爱学自动生成,https://www.xiaohongshu.com/explore/68511645000000002300d271,,search,xiaohongshu,2026-03-10T20:30:00+08:00,再也不用到处找口算了！用豆包爱学自动生成,小壹老师,67e3ece4000000000e01fae4,2025-06-17,13,8,0,2,豆包爱学 数学,,normal,Y,Y,N,N,
xhs-0229,66e6e6290000000027002263,豆包爱学 免费,免费ai学习平台推荐,https://www.xiaohongshu.com/explore/66e6e6290000000027002263,,search,xiaohongshu,2026-03-10T20:30:00+08:00,免费ai学习平台推荐,飞Ai,60ef7353000000002002b484,2024-09-15,11,6,1,15,豆包爱学 免费,,normal,Y,Y,N,N,compare
xhs-0230,68478b4b0000000021008682,豆包爱学 学习,豆包太爱学习,https://www.xiaohongshu.com/explore/68478b4b0000000021008682,,search,xiaohongshu,2026-03-10T20:30:00+08:00,豆包太爱学习,曹亦丰,5f338731000000000101cdcb,2025-06-10,11,5,0,1,豆包爱学 学习,,video,Y,Y,N,N,
xhs-0231,693433f8000000001e0051e4,豆包爱学 讲题,AI解题,https://www.xiaohongshu.com/explore/693433f8000000001e0051e4,,search,xiaohongshu,2026-03-10T20:30:00+08:00,AI解题,思维武术,692844380000000032029519,2025-12-06,9,2,0,1,豆包爱学 讲题,,video,Y,Y,N,N,
xhs-0232,6996ff7d000000001600bec1,豆包爱学(最多收藏);豆包爱学 辅导,宝贝问🌐多少岁了,https://www.xiaohongshu.com/explore/6996ff7d000000001600bec1,,search,xiaohongshu,2026-03-10T20:30:00+08:00,宝贝问🌐多少岁了,甜心婷儿,668e4e63000000000b032a5a,03-01,8,6,1,1,豆包爱学(最多收藏);豆包爱学 辅导,,video,Y,Y,N,N,
xhs-0233,69ae6d150000000022030e93,豆包爱学 免费;豆包爱学 讲题;豆包爱学 测评;豆包爱学 功能,字节跳动豆包爱学ai产品经理面试干货附解析,https://www.xiaohongshu.com/explore/69ae6d150000000022030e93,,search,xiaohongshu,2026-03-10T20:30:00+08:00,字节跳动豆包爱学ai产品经理面试干货附解析,求职小鱼鱼,675544f0000000001c0185a6,1天前,7,16,1,4,豆包爱学 免费;豆包爱学 讲题;豆包爱学 测评;豆包爱学 功能,,normal,Y,Y,N,N,
xhs-0234,66fe9cc9000000001902e291,豆包爱学 免费,哪个AI好用？——豆包日用测评,https://www.xiaohongshu.com/explore/66fe9cc9000000001902e291,,search,xiaohongshu,2026-03-10T20:30:00+08:00,哪个AI好用？——豆包日用测评,专注生活！！,6099466e0000000001007b68,2024-10-03,7,3,0,1,豆包爱学 免费,,normal,Y,N,N,N,
xhs-0235,69678e3a000000000c0366b7,豆包爱学 讲题,被豆包讲了一晚上历史？？,https://www.xiaohongshu.com/explore/69678e3a000000000c0366b7,,search,xiaohongshu,2026-03-10T20:30:00+08:00,被豆包讲了一晚上历史？？,芳凡,59fef07ee8ac2b6a86849261,01-14,7,1,0,0,豆包爱学 讲题,,normal,Y,Y,N,N,
xhs-0236,6968ebed0000000022032408,豆包爱学 讲题,豆包新上的豆包爱学有点意思,https://www.xiaohongshu.com/explore/6968ebed0000000022032408,,search,xiaohongshu,2026-03-10T20:30:00+08:00,豆包新上的豆包爱学有点意思,桃之之之枝,5b8777017702e200010ae26a,01-15,7,2,6,1,豆包爱学 讲题,,video,Y,Y,N,N,
xhs-0237,69abb13f0000000026033e9f,豆包爱学 学习,经历之利用豆包学习之二三点,https://www.xiaohongshu.com/explore/69abb13f0000000026033e9f,,search,xiaohongshu,2026-03-10T20:30:00+08:00,经历之利用豆包学习之二三点,🌜🌛,67f7c93d000000000e01ec7d,3天前,7,1,0,0,豆包爱学 学习,,normal,Y,Y,N,N,
xhs-0238,6853ccf9000000001203f04b,豆包爱学 数学,终于找到不直接出答案的AI了😂😂,https://www.xiaohongshu.com/explore/6853ccf9000000001203f04b,,search,xiaohongshu,2026-03-10T20:30:00+08:00,终于找到不直接出答案的AI了😂😂,肖肖死磕AI中...,67a95c70000000000d00a1f4,2025-06-19,6,9,1,0,豆包爱学 数学,,normal,Y,Y,N,N,
xhs-0239,69297244000000001e000801,豆包爱学 免费,是谁说豆包是免费无限次生成的！！,https://www.xiaohongshu.com/explore/69297244000000001e000801,,search,xiaohongshu,2026-03-10T20:30:00+08:00,是谁说豆包是免费无限次生成的！！,Moodscape美图分享,5c56f046000000001b00aa7b,2025-11-28,4,2,10,0,豆包爱学 免费,,normal,Y,N,N,N,
xhs-0240,68d9198a000000001202e71b,豆包爱学(最多收藏),批改小学作业你用哪个AI,https://www.xiaohongshu.com/explore/68d9198a000000001202e71b,,search,xiaohongshu,2026-03-10T20:30:00+08:00,批改小学作业你用哪个AI,南瓜藤,5c8a2a95000000001600657d,2025-09-28,3,1,0,0,豆包爱学(最多收藏),,video,Y,Y,N,N,homework
xhs-0241,6751547f000000000703beee,豆包爱学 讲题,不要让豆包给你讲题,https://www.xiaohongshu.com/explore/6751547f000000000703beee,,search,xiaohongshu,2026-03-10T20:30:00+08:00,不要让豆包给你讲题,琪小琪琪QQQ,60f3f31f000000000101f576,2024-12-05,3,0,10,2,豆包爱学 讲题,,normal,Y,Y,N,N,
xhs-0242,696b5ccf0000000022023af0,豆包爱学 作业批改,豆包真的会检查作业吗？,https://www.xiaohongshu.com/explore/696b5ccf0000000022023af0,,search,xiaohongshu,2026-03-10T20:30:00+08:00,豆包真的会检查作业吗？,蜜儿蜜儿蜜,583d42065e87e706be3278f2,01-17,3,0,6,0,豆包爱学 作业批改,,normal,Y,Y,N,N,homework
xhs-0243,698b54fc000000000c034b3a,豆包爱学 好用吗,感觉豆包很有用啊,https://www.xiaohongshu.com/explore/698b54fc000000000c034b3a,,search,xiaohongshu,2026-03-10T20:30:00+08:00,感觉豆包很有用啊,zlyha,5baa1e4d9261e40001ac4900,02-10,2,0,2,0,豆包爱学 好用吗,,normal,Y,N,N,N,
xhs-0244,69aad167000000001a02eb73,豆包爱学 好用吗,deepseek说，deepseek和豆包哪个更好用,https://www.xiaohongshu.com/explore/69aad167000000001a02eb73,,search,xiaohongshu,2026-03-10T20:30:00+08:00,deepseek说，deepseek和豆包哪个更好用,饼饼子,58a997335e87e761488f787e,3天前,2,0,0,0,豆包爱学 好用吗,,normal,Y,N,N,N,compare
xhs-0245,67e6a2bf000000000b016524,豆包爱学 体验,现在的AI真好用，豆包爱学,https://www.xiaohongshu.com/explore/67e6a2bf000000000b016524,,search,xiaohongshu,2026-03-10T20:30:00+08:00,现在的AI真好用，豆包爱学,爱吃胡椒的三明治,66056734000000000600f305,2025-03-28,1,0,0,0,豆包爱学 体验,,normal,Y,N,N,N,
xhs-0246,691017400000000007022458,豆包爱学 体验;豆包爱学 推荐,AI软件真是一个非常好的学习软件,https://www.xiaohongshu.com/explore/691017400000000007022458,,search,xiaohongshu,2026-03-10T20:30:00+08:00,AI软件真是一个非常好的学习软件,江Momo,66d88e6d000000000b031feb,2025-11-09,1,1,0,0,豆包爱学 体验;豆包爱学 推荐,,normal,Y,Y,N,N,
xhs-0247,696508f4000000001a02e16a,豆包爱学 免费,为什么豆包、Deepseek可以免费让我们用,https://www.xiaohongshu.com/explore/696508f4000000001a02e16a,,search,xiaohongshu,2026-03-10T20:30:00+08:00,为什么豆包、Deepseek可以免费让我们用,Pi PO来自熊猫星,6012c95f000000000101e7ea,01-12,1,1,2,0,豆包爱学 免费,,normal,Y,N,N,N,compare
xhs-0248,69afdb9700000000150227db,豆包爱学 讲题;豆包爱学 好用吗,鸡飞狗跳辅导作业？我选择放过自己,https://www.xiaohongshu.com/explore/69afdb9700000000150227db,,search,xiaohongshu,2026-03-10T20:30:00+08:00,鸡飞狗跳辅导作业？我选择放过自己,昂昂在干嘛,60b87a940000000001006376,2小时前,1,1,1,0,豆包爱学 讲题;豆包爱学 好用吗,,video,Y,Y,N,N,parent;homework
xhs-0249,695c01920000000021032d1c,豆包爱学 对比,豆包模型选型指南：精准匹配场景需求,https://www.xiaohongshu.com/explore/695c01920000000021032d1c,,search,xiaohongshu,2026-03-10T20:30:00+08:00,豆包模型选型指南：精准匹配场景需求,临风视界,65e43c99000000000d02653f,01-06,1,1,0,0,豆包爱学 对比,,normal,Y,N,N,N,
xhs-0250,67cec86a000000002901ddbb,豆包爱学 推荐,自用ai感受，豆包更胜一筹！辅助整理数据！,https://www.xiaohongshu.com/explore/67cec86a000000002901ddbb,,search,xiaohongshu,2026-03-10T20:30:00+08:00,自用ai感受，豆包更胜一筹！辅助整理数据！,子跃,61e51e6c0000000010009e32,2025-03-10,1,1,0,0,豆包爱学 推荐,,normal,Y,N,N,N,
xhs-0251,67b85d39000000002802bf3b,豆包爱学 数学,有了大模型，父母也好当了,https://www.xiaohongshu.com/explore/67b85d39000000002802bf3b,,search,xiaohongshu,2026-03-10T20:30:00+08:00,有了大模型，父母也好当了,修行,5b9e280a11be107d0e7f4640,2025-02-21,1,0,2,0,豆包爱学 数学,,normal,Y,Y,N,N,
xhs-0252,685122de000000000303f0b2,豆包爱学 数学,豆包爱学高度智能化，做2025高考数学满分,https://www.xiaohongshu.com/explore/685122de000000000303f0b2,,search,xiaohongshu,2026-03-10T20:30:00+08:00,豆包爱学高度智能化，做2025高考数学满分,云飞扬,61f9e4500000000010004999,2025-06-17,1,0,0,0,豆包爱学 数学,,normal,Y,Y,N,N,
xhs-0253,699ef20f000000002602e333,豆包爱学 学习,豆包老师你太强了！！,https://www.xiaohongshu.com/explore/699ef20f000000002602e333,,search,xiaohongshu,2026-03-10T20:30:00+08:00,豆包老师你太强了！！,钱来前来,67c791c1000000000e0104d1,02-25,1,1,2,2,豆包爱学 学习,,normal,Y,Y,N,N,
xhs-0254,69afec5b0000000009020ee2,豆包爱学 免费,AI 创业日记 DAY2｜被 AI 连环坑，我在崩溃边,https://www.xiaohongshu.com/explore/69afec5b0000000009020ee2,,search,xiaohongshu,2026-03-10T20:30:00+08:00,AI 创业日记 DAY2｜被 AI 连环坑，我在崩溃边,AI养家计划｜鑫鑫,5c66d04500000000100388c7,36分钟前,0,0,0,0,豆包爱学 免费,,normal,Y,N,N,N,
xhs-0255,68f387ab0000000007038f66,豆包爱学 免费,哈哈哈终于学会正确使用豆包了,https://www.xiaohongshu.com/explore/68f387ab0000000007038f66,,search,xiaohongshu,2026-03-10T20:30:00+08:00,哈哈哈终于学会正确使用豆包了,番薯土豆,6072e86b0000000001006743,2025-10-18,0,0,0,0,豆包爱学 免费,,normal,Y,N,N,N,
xhs-0256,692977b0000000001f00432a,豆包爱学 对比,同样的豆包爱学，为啥区别这么大？？,https://www.xiaohongshu.com/explore/692977b0000000001f00432a,,search,xiaohongshu,2026-03-10T20:30:00+08:00,同样的豆包爱学，为啥区别这么大？？,老阿甘,67cf9551000000000e01edfa,2025-11-28,0,0,0,0,豆包爱学 对比,,normal,Y,N,N,N,compare
xhs-0257,694005f7000000001e017491,豆包爱学 作业批改,美好的夜晚是豆包赐予我的,https://www.xiaohongshu.com/explore/694005f7000000001e017491,,search,xiaohongshu,2026-03-10T20:30:00+08:00,美好的夜晚是豆包赐予我的,momo军团首领是我,57e142687fc5b84efdc6c0a8,2025-12-15,0,0,0,0,豆包爱学 作业批改,,normal,Y,Y,N,N,
xhs-0258,6873c470000000001d00ccce,豆包爱学 作业批改,关于豆包批改作业时的自言自语,https://www.xiaohongshu.com/explore/6873c470000000001d00ccce,,search,xiaohongshu,2026-03-10T20:30:00+08:00,关于豆包批改作业时的自言自语,小石斛,56eec58a1c07df2d72c50181,2025-07-13,0,1,1,0,豆包爱学 作业批改,,normal,Y,Y,N,N,homework
xhs-0259,696f7d40000000002103c5e8,豆包爱学 作业批改,豆包批改作业,https://www.xiaohongshu.com/explore/696f7d40000000002103c5e8,,search,xiaohongshu,2026-03-10T20:30:00+08:00,豆包批改作业,ageice,5c9af53900000000120385e8,01-20,0,0,0,0,豆包爱学 作业批改,,normal,Y,Y,N,N,homework
xhs-0260,6875dcd800000000120224f7,豆包爱学 作业批改,尝试用豆包批改作业,https://www.xiaohongshu.com/explore/6875dcd800000000120224f7,,search,xiaohongshu,2026-03-10T20:30:00+08:00,尝试用豆包批改作业,家有一枚吞金兽,6058962b000000000100181a,2025-07-15,0,0,1,1,豆包爱学 作业批改,,normal,Y,Y,N,N,homework
